id,sigla,nombre_espanol,nombre_original,autores_originales,adaptacion_hispana,eje_codigo,eje_numero,eje_nombre,constructo,tema_principal,temas_secundarios,sinonimos_busqueda,tipo_instrumento_categoria,tipo_instrumento_detalle,funcion_clinica_categoria,poblacion,franjas_etarias,tiempo_administracion,formato_respuesta,acceso_categoria,regimen_licencia,protocolo_disponible,carpeta_relativa,archivo_ficha_tecnica,archivo_protocolo,resumen_clinico
stai_0,STAI,Inventario de Ansiedad Estado-Rasgo,State-Trait Anxiety Inventory (STAI - Forma X / Forma Y),"Charles D. Spielberger, Richard L. Gorsuch y Robert E. Lushene (1970, 1983)","Nicolás Seisdedos Cubero (TEA Ediciones, 1982, 2002); G. Buela-Casal et al. (2011)",Eje I,1,"Problemas, síntomas y riesgo",Ansiedad y miedo,Ansiedad y fobia,,TAG; fobia social; crisis de angustia; pánico; agorafobia,Autoinforme,Autoinforme estructurado con 2 subescalas independientes de 20 ítems en escala Likert de 4 puntos,Diagnóstico y severidad,Adolescentes y adultos,adolescentes; adultos,12 a 18 minutos (40 ítems en total; aprox. 7 minutos por subescala),Escala de respuesta estructurada psicométrica,comercial,"No (Sujeto a copyright, TEA Ediciones en España/Latam). Existen versiones de investigación.",SI,Eje I/STAI,STAI_ficha_tecnica.pdf,STAI_protocolo.pdf,Cuestionario de autoinforme · 40 ítems · Likert de 4 puntos · 2 dimensiones
bai_1,BAI,Inventario de Ansiedad de Beck,_Beck Anxiety Inventory (BAI)_,"Drs. Aaron T. Beck, Norman Epstein, Gary Brown y Robert A. Steer (1988).","Sanz & Navarro (2003); Sanz, Navarro & Vázquez (2003); Sanz (2011).",Eje I,1,"Problemas, síntomas y riesgo",Ansiedad y miedo,Ansiedad y fobia,,TAG; fobia social; crisis de angustia; pánico; agorafobia,Autoinforme,Autoinforme de 21 reactivos con escala Likert de 4 puntos (0 a 3).,Diagnóstico y severidad,Adultos y adolescentes (>13 años),adolescentes; adultos,5 a 10 minutos en autoadministración.,Escala de respuesta estructurada psicométrica,comercial,No (Copyright de Pearson). Usado ampliamente en investigación con permisos.,SI,Eje I/BAI,BAI_ficha_tecnica.pdf,BAI_protocolo.pdf,Cuestionario de autoinforme · 21 ítems · Likert de 4 puntos · Unidimensional
gad-7_2,GAD-7,Escala de Trastorno de Ansiedad Generalizada - 7,_Generalized Anxiety Disorder 7-item scale (GAD-7)_,"Drs. Robert L. Spitzer, Kurt Kroenke, Janet B. W. Williams y Bernd Löwe (2006).",García-Campayo et al. (2010); validado también por Pedrero-Pérez et al. (2012).,Eje I,1,"Problemas, síntomas y riesgo",Ansiedad y miedo,Ansiedad y fobia,,TAG; fobia social; crisis de angustia; pánico; agorafobia,Autoinforme,Autoinforme escalar breve de 7 reactivos (0 a 3) + 1 ítem de impacto en el funcionamiento cotidiano.,Cribado / Triaje rápido,Adolescentes y adultos,adolescentes; adultos,1 a 2 minutos en autoadministración; muy ágil para triaje clínico.,Escala de respuesta estructurada psicométrica,abierto,Sí (Dominio público),SI,Eje I/GAD-7,GAD-7_ficha_tecnica.pdf,GAD-7_protocolo.pdf,Cuestionario de autoinforme · 7 ítems · Likert de 4 puntos · Unidimensional
isra_3,ISRA,Inventario de Situaciones y Respuestas de Ansiedad,Inventario de Situaciones y Respuestas de Ansiedad (ISRA),"Juan José Miguel-Tobal y Antonio Cano-Vindel (1986, 1988, 1994, 2002)",Adaptación y baremación en población hispanohablante,Eje I,1,"Problemas, síntomas y riesgo",Ansiedad y miedo,Ansiedad y fobia,,TAG; fobia social; crisis de angustia; pánico; agorafobia,Autoinforme,Autoinforme psicométrico multidimensional e interactivo (formato S-R),Diagnóstico y severidad,Adolescentes (>16 años) y adultos,adolescentes; adultos,Forma completa: 30 a 50 minutos; Forma abreviada ISRA-B: 15 minutos,Matriz interactiva Situación x Respuesta con escala de frecuencia 0 (Casi nunca) a 4 (Casi siempre),comercial,No (TEA Ediciones),NO,Eje I/ISRA,ISRA_ficha_tecnica.pdf,,Cuestionario de autoinforme · 22 respuestas ante 22 situaciones · Likert de 5 puntos · Triple sistema de respuesta y
hads_4,HADS,Escala de Ansiedad y Depresión Hospitalaria,Hospital Anxiety and Depression Scale (HADS / HAD),R. P. Snaith y A. S. Zigmond (1983),Adaptación y baremación en población hispanohablante,Eje I,1,"Problemas, síntomas y riesgo",Ansiedad y miedo,Ansiedad y fobia,,TAG; fobia social; crisis de angustia; pánico; agorafobia,Autoinforme,Autoinforme psicométrico de cribado bidimensional breve,Cribado / Triaje rápido,"Adultos (originalmente en contexto hospitalario/médico, luego general)",adultos,4 a 6 minutos (14 reactivos tipo Likert de 4 opciones),Escala de 4 categorías ordinales: 0 a 3 puntos por ítem,comercial,"No estricto (tiene copyright de GL Assessment), pero ampliamente reproducido en literatura de acceso abierto para fines de investigación y uso clínico sin fines de lucro.",SI,Eje I/HADS,HADS_ficha_tecnica.pdf,HADS_protocolo.pdf,Cuestionario de autoinforme · 14 ítems · Likert de 4 puntos · 2 dimensiones
dass-21_5,DASS-21,"Escalas de Depresión, Ansiedad y Estrés - 21","_Depression Anxiety Stress Scales (DASS-42)_ (Lovibond & Lovibond, 1995).","Drs. Sydney H. Lovibond y Peter F. Lovibond, Universidad de Nueva Gales del Sur (UNSW), Australia.",Adaptación y baremación en población hispanohablante,Eje I,1,"Problemas, síntomas y riesgo","Depresión, ansiedad y estrés",Depresión y estado de ánimo,Ansiedad y fobia; Estrés y estrés percibido,depresión mayor; distimia; afecto negativo; anhedonia; ánimo bajo; TAG; fobia social; crisis de angustia; pánico; agorafobia; estrés; estrés percibido; tensión; sobrecarga; estrés crónico,Autoinforme,Cuestionario de autoinforme estructurado de 42 ítems con escala Likert de severidad/frecuencia.,Diagnóstico y severidad,Adultos y adolescentes,adolescentes; adultos,8 a 12 minutos (autoadministrado o aplicado en entrevista clínica guiada).,Escala de respuesta estructurada psicométrica,abierto,"Sí (Dominio público, disponible en la web de la Universidad de New South Wales)",SI,Eje I/DASS-21,DASS-21_ficha_tecnica.pdf,DASS-21_protocolo.pdf,Cuestionario de autoinforme · 21 ítems · Likert de 4 puntos · 3 dimensiones
pss_6,PSS,Escala de Estrés Percibido,_Perceived Stress Scale - 10 Item Version (PSS-10)_,"Sheldon Cohen, Tom Kamarck y Robin Mermelstein (1983); Cohen y Williamson (1988).","Remor (2006, validación europea de referencia); González y Landero (2007, México); Campo-Arias et al. (2009).",Eje I,1,"Problemas, síntomas y riesgo",Estrés psicológico,Estrés y estrés percibido,Trauma y estrés postraumático; Afrontamiento y resiliencia,estrés; estrés percibido; tensión; sobrecarga; estrés crónico; TEPT; trauma complejo; estrés agudo; disociación; coping; resiliencia; tolerancia a la frustración; adaptación,Autoinforme,Escala de autoinforme de 10 reactivos politómicos de 5 anclajes (0 = Nunca a 4 = Muy a menudo).,Cribado / Triaje rápido,Adolescentes y adultos,adolescentes; adultos,3 a 5 minutos.,Escala de respuesta estructurada psicométrica,abierto,Sí (Dominio público para fines académicos y no comerciales),SI,Eje I/PSS,PSS_ficha_tecnica.pdf,PSS_protocolo.pdf,Cuestionario de autoinforme · 10 ítems · Likert de 5 puntos · 2 dimensiones
tics_8,TICS,Inventario de Estrés Crónico de Trier,Trierer Inventar zum chronischen Stress (TICS / Trier Inventory for Chronic Stress),"Petra Schulz, Walter Schlotz y Peter Becker (1999, 2004)",Versión adaptada al español para medicina conductual y laboral (Hogrefe / CIBERSAM),Eje I,1,"Problemas, síntomas y riesgo",Estrés psicológico,Estrés y estrés percibido,Trauma y estrés postraumático; Afrontamiento y resiliencia,estrés; estrés percibido; tensión; sobrecarga; estrés crónico; TEPT; trauma complejo; estrés agudo; disociación; coping; resiliencia; tolerancia a la frustración; adaptación,Autoinforme,Autoinforme estructurado con escala ordinal Likert de 5 puntos (0 = Nunca a 4 = Muy a menudo),Diagnóstico y severidad,Adultos,adultos,10 a 15 minutos (versión estándar de 57 ítems) o 3 a 5 min (escala de cribado SSCS de 12 ítems),Escala de respuesta estructurada psicométrica,comercial,No (Hogrefe),NO,Eje I/TICS,TICS_ficha_tecnica.pdf,,Cuestionario de autoinforme · 57 ítems · Likert de 5 puntos · 9 dimensiones
pcl-5_9,PCL-5,Lista de Chequeo del TEPT para el DSM-5,_Posttraumatic Stress Disorder Checklist for DSM-5 (PCL-5)_,"Drs. Frank W. Weathers, Brett T. Litz, Terence M. Keane, Patrick A. Palmieri, Brian P. Marx y Paula P. Schnurr (2013), National Center for PTSD.",Miles et al. (2015); Cova et al. (2017); Carvajal et al. (2017).,Eje I,1,"Problemas, síntomas y riesgo",Trauma y estrés postraumático,Trauma y estrés postraumático,,TEPT; trauma complejo; estrés agudo; disociación,Autoinforme,Autoinforme estructurado de 20 reactivos tipo Likert (0 a 4) referidos a un acontecimiento traumático índice.,Diagnóstico y severidad,Adultos,adultos,5 a 10 minutos.,Escala de respuesta estructurada psicométrica,abierto,Sí (Dominio público gubernamental de EE.UU. a través del National Center for PTSD),SI,Eje I/PCL-5,PCL-5_ficha_tecnica.pdf,PCL-5_protocolo.pdf,Autoinforme · 20 ítems · Escala de 5 puntos · 5-10 min · Papel y lápiz o digital
caps-5_10,CAPS-5,Escala Administrada por Clínico para el TEPT,Escala para el Trastorno de Estrés Postraumático Administrada por el Clínico para DSM-5 (CAPS-5),"Frank W. Weathers, D. D. Blake, P. P. Schnurr, D. G. Kaloupek, B. P. Marx & T. M. Keane (2013, 2018)",Adaptación y baremación en población hispanohablante,Eje I,1,"Problemas, síntomas y riesgo",Trauma y estrés postraumático,Trauma y estrés postraumático,,TEPT; trauma complejo; estrés agudo; disociación,Heteroaplicado / Entrevista clínica,30 ítems semiestructurados: criterios A a G del DSM-5 más especificación del subtipo disociativo,Diagnóstico y severidad,Adultos,adultos,45 a 60 minutos (entrevista clínica estructurada integral conducida por profesional cualificado),Escala de respuesta estructurada psicométrica,abierto,Sí (Requiere registro y credenciales clínicas para descarga en el NCPTSD),SI,Eje I/CAPS-5,CAPS-5_ficha_tecnica.pdf,CAPS-5_protocolo.pdf,Entrevista estructurada clínica · 30 ítems · Entrevista. El clínico puntúa cada · 4 dimensiones · 45–60 min · Entrevista clínica estructurad
ies-r_11,IES-R,Escala de Impacto del Evento Revisada,_Impact of Event Scale - Revised (IES-R)_,"Daniel S. Weiss y Charles R. Marmar (1997), sobre el modelo original de Mardi Horowitz et al. (1979).","Báguena et al. (2001, validación española de referencia); Caamaño et al. (2011, Chile); Gargurevich et al. (2009).",Eje I,1,"Problemas, síntomas y riesgo",Trauma y estrés postraumático,Trauma y estrés postraumático,,TEPT; trauma complejo; estrés agudo; disociación,Autoinforme,Escala de autoinforme de 22 reactivos de 5 anclajes (0 = Nada a 4 = Extremadamente).,Diagnóstico y severidad,Adultos,adultos,6 a 10 minutos.,Escala de respuesta estructurada psicométrica,abierto,Sí,SI,Eje I/IES-R,IES-R_ficha_tecnica.pdf,IES-R_protocolo.pdf,"Cuestionario de autoinforme · 22 ítems · Likert de 5 puntos · 3 dimensiones · 5 min · Autoadministrado, aproximadame"
dts_12,DTS,Escala de Trauma de Davidson,Davidson Trauma Scale (DTS),"Jonathan R. T. Davidson, S. W. Book, J. T. Colket, L. A. Tupler et al. (1997)","Julio Bobes, Alfredo Calcedo-Ordóñez, M. Paz García-Portilla, M. Bousoño et al. (2000)",Eje I,1,"Problemas, síntomas y riesgo",Trauma y estrés postraumático,Trauma y estrés postraumático,,TEPT; trauma complejo; estrés agudo; disociación,Autoinforme,Autoinforme estructurado bidimensional de estrés postraumático,Diagnóstico y severidad,Adultos,adultos,8 a 12 minutos (17 reactivos dobles: 34 valoraciones),Doble escala Likert de 5 puntos: Frecuencia (0-4) y Gravedad/Malestar (0-4),comercial,No (Copyright MHS Assessments),SI,Eje I/DTS,DTS_ficha_tecnica.pdf,DTS_protocolo.pdf,Cuestionario de autoinforme · 17 ítems · Likert de 5 puntos · 3 dimensiones
bdi-ii_13,BDI-II,Inventario de Depresión de Beck - II,"Inventario de Depresión de Beck - Segunda Edición (Beck Depression Inventory-II, BDI-II)","Aaron T. Beck, Robert A. Steer & Gregory K. Brown (The Psychological Corporation, 1996)","Jesús Sanz, L. Perdigón, M. Vázquez et al. (2003, Clin Salud; Sanz et al., 2005, Psicothema)",Eje I,1,"Problemas, síntomas y riesgo",Depresión y anhedonia,Depresión y estado de ánimo,,depresión mayor; distimia; afecto negativo; anhedonia; ánimo bajo,Autoinforme,21 ítems politómicos con 4 afirmaciones jerarquizadas en severidad creciente (0 a 3 puntos),Diagnóstico y severidad,Adolescentes (>13 años) y adultos,adolescentes; adultos,5 a 10 minutos (autoadministrado o mediante lectura asistida en deterioro motor),Escala de respuesta estructurada psicométrica,comercial,No (Copyright Pearson),SI,Eje I/BDI-II,BDI-II_ficha_tecnica.pdf,BDI-II_protocolo.pdf,Cuestionario de autoinforme · 21 ítems · Likert de 4 puntos · 2 dimensiones
phq-9_14,PHQ-9,Cuestionario de Salud del Paciente - 9,_Patient Health Questionnaire-9 (PHQ-9)_,"Drs. Kurt Kroenke, Robert L. Spitzer y Janet B. W. Williams (2001), Universidad de Columbia.",Díez-Quevedo et al. (2001); validado por Baader et al. (2012) y Saldivia et al. (2019).,Eje I,1,"Problemas, síntomas y riesgo",Depresión y anhedonia,Depresión y estado de ánimo,,depresión mayor; distimia; afecto negativo; anhedonia; ánimo bajo,Autoinforme,Autoinforme escalar de 9 reactivos tipo Likert (0 a 3) + 1 ítem complementario de discapacidad funcional.,Cribado / Triaje rápido,Adolescentes y adultos,adolescentes; adultos,2 a 3 minutos en autoadministración; 3 a 5 minutos asistido.,Escala de respuesta estructurada psicométrica,abierto,Sí (Dominio público),SI,Eje I/PHQ-9,PHQ-9_ficha_tecnica.pdf,PHQ-9_protocolo.pdf,Cuestionario de autoinforme · 9 ítems · Likert de 4 puntos · Unidimensional
ces-d_15,CES-D,Escala del Centro de Estudios Epidemiológicos de la Depresión,_Center for Epidemiologic Studies Depression Scale (CES-D)_,Lenore S. Radloff (1977; National Institute of Mental Health - NIMH),Soler et al. (1997); Vázquez et al. (2007); Saldivia et al. (2019).,Eje I,1,"Problemas, síntomas y riesgo",Depresión y anhedonia,Depresión y estado de ánimo,,depresión mayor; distimia; afecto negativo; anhedonia; ánimo bajo,Autoinforme,Autoinforme de 20 reactivos tipo Likert (0 a 3) con 4 ítems redactados en sentido positivo (invertidos).,Diagnóstico y severidad,Adultos y adolescentes,adolescentes; adultos,4 a 7 minutos.,Escala de respuesta estructurada psicométrica,abierto,Sí (Dominio público),SI,Eje I/CES-D,CES-D_ficha_tecnica.pdf,CES-D_protocolo.pdf,Cuestionario de autoinforme · 20 ítems · Likert de 4 puntos · 4 dimensiones
shaps_16,SHAPS,Escala de Placer de Snaith-Hamilton,_Snaith-Hamilton Pleasure Scale (SHAPS)_,"R. Philip Snaith, M. Hamilton, S. Morley, A. Humayan, D. Hargreaves y P. Trigwell (1995).","Bobes et al. (2000, validación clínica española); Franken et al. (2007); Fuentes et al. (2018).",Eje I,1,"Problemas, síntomas y riesgo",Depresión y anhedonia,Depresión y estado de ánimo,,depresión mayor; distimia; afecto negativo; anhedonia; ánimo bajo,Autoinforme,Autoinforme de 14 ítems con formato de 4 alternativas corregido dicotómicamente (0 ó 1).,Diagnóstico y severidad,Adultos,adultos,3 a 5 minutos.,Escala de respuesta estructurada psicométrica,abierto,Sí,SI,Eje I/SHAPS,SHAPS_ficha_tecnica.pdf,SHAPS_protocolo.pdf,Cuestionario de autoinforme · 14 ítems · Likert de 4 puntos · Unidimensional
hdrs_17,HDRS / HAM-D,Escala de Calificación de la Depresión de Hamilton,Hamilton Depression Rating Scale - Versión de 17 ítems (HDRS-17 / HAM-D),Max Hamilton (1960; revisión en 1967),J. A. Ramos-Brieva y A. Cordero-Villafáfila (1986); Julio Bobes et al. (2003),Eje I,1,"Problemas, síntomas y riesgo",Depresión y anhedonia,Depresión y estado de ánimo,,depresión mayor; distimia; afecto negativo; anhedonia; ánimo bajo,Heteroaplicado / Entrevista clínica,Entrevista clínica estructurada heteroaplicada por facultativo de salud mental,Diagnóstico y severidad,Adultos,adultos,20 a 30 minutos (administrada por clínico entrenado),Ítems con escala de 0 a 4 puntos (8 ítems) y de 0 a 2 puntos (9 ítems),abierto,Sí (Dominio público la versión original de 17 ítems),SI,Eje I/HDRS _ HAM-D,HDRS / HAM-D_ficha_tecnica.pdf,HDRS / HAM-D_protocolo.pdf,Entrevista heteroaplicada · 17 ítems · Evaluación clínica escalada. · Generalmente unidimensional · Entrevista clínica heteroaplic
y-bocs_18,Y-BOCS,Escala de Obsesiones y Compulsiones de Yale-Brown,Yale-Brown Obsessive Compulsive Scale (Y-BOCS),"Wayne K. Goodman, Lawrence H. Price, Steven A. Rasmussen et al. (1989)",David Mataix-Cols et al. (2002); Banco de Instrumentos CIBERSAM / Bobes et al. (2004),Eje I,1,"Problemas, síntomas y riesgo",Obsesiones y compulsiones,Obsesiones y compulsiones,,TOC; dudas obsesivas; comprobación; contaminación; rituales,Heteroaplicado / Entrevista clínica,Heteroaplicada mediante entrevista clínica semiestructurada (tras lista de síntomas diana),Diagnóstico y severidad,Adultos (existe versión infantil: CY-BOCS),niños; adultos,20 a 30 minutos (10 ítems clínicos nucleares precedidos por el inventario de síntomas),Escala de respuesta estructurada psicométrica,abierto,Sí (Dominio público para uso no comercial),SI,Eje I/Y-BOCS,Y-BOCS_ficha_tecnica.pdf,Y-BOCS_protocolo.pdf,Heteroaplicada — clínico · 10 ítems · Escala de 5 puntos · Entrevista clínica estructurad
oci-r_19,OCI-R,Inventario Obsesivo-Compulsivo Revisado,_Obsessive-Compulsive Inventory–Revised (OCI-R)_,"Dra. Edna B. Foa et al. (2002), Center for the Treatment and Study of Anxiety, Universidad de Pensilvania.",Fullana et al. (2005); validado también por Belloch et al. (2006).,Eje I,1,"Problemas, síntomas y riesgo",Obsesiones y compulsiones,Obsesiones y compulsiones,,TOC; dudas obsesivas; comprobación; contaminación; rituales,Autoinforme,Autoinforme de 18 reactivos tipo Likert (0 a 4) estructurado en 6 subescalas factoriales.,Diagnóstico y severidad,Adultos,adultos,3 a 5 minutos.,Escala de respuesta estructurada psicométrica,abierto,Sí (en anexos de publicaciones originales),SI,Eje I/OCI-R,OCI-R_ficha_tecnica.pdf,OCI-R_protocolo.pdf,Cuestionario de autoinforme · 18 ítems · Likert de 5 puntos · 6 dimensiones
pi-wsur_20,PI-WSUR,Inventario de Padua Revisado - WSU,_Padua Inventory - Washington State University Revision (PI-WSUR)_,"G. Leonard Burns, D. A. Keortge, G. M. Formea y C. F. Sternberger (1996), sobre Sanavio (1988).","David Mataix-Cols, M. Sánchez-Turet y M. Vallejo-Sánchez (1999, 2002); Bobes et al. (2004).",Eje I,1,"Problemas, síntomas y riesgo",Obsesiones y compulsiones,Obsesiones y compulsiones,,TOC; dudas obsesivas; comprobación; contaminación; rituales,Autoinforme,Autoinforme de 39 reactivos de 5 anclajes (0 = Nada a 4 = Muchísimo) organizados en 5 factores puros.,Diagnóstico y severidad,Adultos,adultos,8 a 12 minutos.,Escala de respuesta estructurada psicométrica,comercial,"No (Depende de derechos de la publicación original, uso de investigación permitido).",SI,Eje I/PI-WSUR,PI-WSUR_ficha_tecnica.pdf,PI-WSUR_protocolo.pdf,Cuestionario de autoinforme · 39 ítems · Likert de 5 puntos · 5 dimensiones
docs_21,DOCS,Escala Dimensional Obsesivo-Compulsiva,_Dimensional Obsessive-Compulsive Scale (DOCS)_,"Jonathan S. Abramowitz, Laura E. Deacon, Matthew T. Olatunji et al. (2010), UNC Chapel Hill.","López-Roig, Belloch, Carrió et al. (2013, validación de referencia en España); Arnáez et al. (2021).",Eje I,1,"Problemas, síntomas y riesgo",Obsesiones y compulsiones,Obsesiones y compulsiones,,TOC; dudas obsesivas; comprobación; contaminación; rituales,Autoinforme,Autoinforme estructurado en 4 dimensiones sintomáticas independientes con 5 parámetros de gravedad cada una (20 reactivos).,Diagnóstico y severidad,Adultos,adultos,10 a 15 minutos.,Escala de respuesta estructurada psicométrica,abierto,Sí (Disponible por los autores),SI,Eje I/DOCS,DOCS_ficha_tecnica.pdf,DOCS_protocolo.pdf,Cuestionario de autoinforme · 20 ítems · Likert de 5 puntos · 4 dimensiones
phq-15_22,PHQ-15,Cuestionario de Salud del Paciente - 15,_Patient Health Questionnaire - 15 Somatic Symptom Severity Scale (PHQ-15)_,"Kurt Kroenke, Robert L. Spitzer y Janet B. W. Williams (2002), Columbia University.",Rosendal et al. (2005); de la Torre et al. (2012); validación del Grupo PHQ España.,Eje I,1,"Problemas, síntomas y riesgo",Somatización y ansiedad por la salud,Dolor y síntomas somáticos,,somatización; fatiga crónica; fibromialgia; dolor crónico,Autoinforme,"Escala de autoinforme de 15 síntomas somáticos puntuados en escala Likert de 3 anclajes (0, 1 y 2).",Diagnóstico y severidad,Adultos,adultos,3 a 5 minutos.,Escala de respuesta estructurada psicométrica,abierto,Sí (Dominio público),SI,Eje I/PHQ-15,PHQ-15_ficha_tecnica.pdf,PHQ-15_protocolo.pdf,Cuestionario de autoinforme · 15 ítems · Likert de 3 puntos · Unidimensional
wi-7_23,WI,Índice de Whiteley,_Whiteley Index of Hypochondriasis (WI)_,"Prof. Issy Pilowsky (1967), University of Sydney / University of Sheffield.","Avia (1993, traducción clínica de referencia); Fernández Martínez y Fernández Rodríguez (1998, Psicothema).",Eje I,1,"Problemas, síntomas y riesgo",Somatización y ansiedad por la salud,Dolor y síntomas somáticos,,somatización; fatiga crónica; fibromialgia; dolor crónico,Autoinforme,Autoinforme de 14 reactivos dicotómicos (Sí/No) con un reactivo de inversión (ítem 7).,Diagnóstico y severidad,Adultos,adultos,3 a 5 minutos.,Escala de respuesta estructurada psicométrica,abierto,"Sí — adaptación española de 14 ítems (Pilowsky 1967 / Avia 1993), verificada contra 2 fuentes clínicas independientes coincidentes.",SI,Eje I/WI,WI_ficha_tecnica.pdf,WI_protocolo.pdf,Cuestionario de autoinforme · 14 ítems · Dicotómica (Sí/No) · 3 dimensiones
shai_24,SHAI,Inventario Corto de Ansiedad por la Salud,_Short Health Anxiety Inventory (SHAI)_,"Paul M. Salkovskis, Katharine A. Rimes, Hilary M. C. Warwick y David M. Clark (2002).","Arnáez, García-Soriano, López-Santiago y Belloch (2019); Caballo (2006); Fernández et al. (2014).",Eje I,1,"Problemas, síntomas y riesgo",Somatización y ansiedad por la salud,Dolor y síntomas somáticos,,somatización; fatiga crónica; fibromialgia; dolor crónico,Autoinforme,Autoinforme de 18 reactivos de 4 opciones graduadas (0 a 3) tipo Beck (14 principales + 4 de consecuencias).,Diagnóstico y severidad,Adultos,adultos,5 a 9 minutos.,Escala de respuesta estructurada psicométrica,abierto,Sí (Uso académico),SI,Eje I/SHAI,SHAI_ficha_tecnica.pdf,SHAI_protocolo.pdf,Cuestionario de autoinforme · 18 ítems · Selección múltiple progresiva · 2 dimensiones · No promover como protocolo SHA
scl-90-r_25,SCL-90-R,Inventario de Síntomas SCL-90-R (Subescala Somatización),Symptom Checklist-90-Revised (SCL-90-R),"Leonard R. Derogatis (1977, 1994)","José Luis González de Rivera et al. (1989, 2002); TEA Ediciones / Pearson",Eje I,1,"Problemas, síntomas y riesgo",Somatización y ansiedad por la salud,Dolor y síntomas somáticos,,somatización; fatiga crónica; fibromialgia; dolor crónico,Autoinforme,Autoinforme estructurado con escala Likert de 5 puntos (0 = Nada a 4 = Mucho/Extremadamente),Diagnóstico y severidad,Adolescentes y adultos,adolescentes; adultos,12 a 15 minutos (90 ítems referidos a los últimos 7 días),Escala de respuesta estructurada psicométrica,comercial,No (Pearson),NO,Eje I/SCL-90-R,SCL-90-R_ficha_tecnica.pdf,,Cuestionario de autoinforme · 12 ítems · Likert de 5 puntos · 9 dimensiones
bis-11_26,BIS-11,Escala de Impulsividad de Barratt,"Escala de Impulsividad de Barratt - Versión 11 (Barratt Impulsiveness Scale, BIS-11)","Ernest S. Barratt, Jim H. Patton & Matthew S. Stanford (Univ. of Texas Medical Branch, 1995)","María A. Oquendo et al. (2001, Actas Esp Psiquiatr); Salvo & Castro (2013, Rev Chil Neuro-Psiquiatr)",Eje I,1,"Problemas, síntomas y riesgo",Impulsividad,Impulsividad y conducta disruptiva,,impulsividad; conducta antisocial; conducta disruptiva; trastorno de déficit de atención e hiperactividad; TDAH; conducta agresiva; conducta inadecuada,Autoinforme,30 ítems evaluados en escala Likert de 4 puntos (1 = Rara vez/Nunca; 4 = Siempre/Casi siempre),Diagnóstico y severidad,Adolescentes y adultos,adolescentes; adultos,5 a 8 minutos (autoadministrado),Escala de respuesta estructurada psicométrica,abierto,Sí (Uso de investigación),SI,Eje I/BIS-11,BIS-11_ficha_tecnica.pdf,BIS-11_protocolo.pdf,Autoinforme · 30 ítems · Escala de 4 puntos · 10-30 min · Papel y lápiz o entrevista est
upps-p_27,UPPS-P,Escala de Comportamiento Impulsivo UPPS-P,UPPS-P Impulsive Behavior Scale (Short Version / UPPS-P 20 ítems),"Stephen P. Whiteside y Donald R. Lynam (2001; versión P con Urgencia Positiva por Cyders et al., 2007)",Antonio Cándido et al. (2012); Antonio Verdejo-García et al. (2010),Eje I,1,"Problemas, síntomas y riesgo",Impulsividad,Impulsividad y conducta disruptiva,,impulsividad; conducta antisocial; conducta disruptiva; trastorno de déficit de atención e hiperactividad; TDAH; conducta agresiva; conducta inadecuada,Autoinforme,Autoinforme estructurado de 20 ítems con escala Likert de 4 puntos (1 a 4),Diagnóstico y severidad,Adolescentes y adultos,adolescentes; adultos,5 a 8 minutos (20 ítems),Escala de respuesta estructurada psicométrica,abierto,"Sí (Dominio público, UPPS website)",SI,Eje I/UPPS-P,UPPS-P_ficha_tecnica.pdf,UPPS-P_protocolo.pdf,Cuestionario de autoinforme · 20 ítems · Likert de 4 puntos · 5 dimensiones
dii_28,DII,Inventario de Impulsividad de Dickman,_Dickman Impulsivity Inventory (DII)_,"Scott J. Dickman (1990), University of Illinois at Urbana-Champaign.","Chico, Tous, Lorenzo-Seva y Vigil-Colet (2003, validación española en Psicothema).",Eje I,1,"Problemas, síntomas y riesgo",Impulsividad,Impulsividad y conducta disruptiva,,impulsividad; conducta antisocial; conducta disruptiva; trastorno de déficit de atención e hiperactividad; TDAH; conducta agresiva; conducta inadecuada,Autoinforme,Autoinforme de 23 reactivos dicotómicos (Verdadero/Falso) distribuidos en dos dimensiones independientes.,Diagnóstico y severidad,Adultos,adultos,4 a 6 minutos.,Escala de respuesta estructurada psicométrica,abierto,Sí (Revistas científicas),SI,Eje I/DII,DII_ficha_tecnica.pdf,DII_protocolo.pdf,Cuestionario de autoinforme · 23 ítems · Dicotómica (Sí/No) · 2 dimensiones
aq_29,AQ,Cuestionario de Agresión,_The Aggression Questionnaire (AQ)_,"Drs. Arnold H. Buss y Mark Perry (1992), _University of Texas at Austin_, EE. UU.",Adaptación y baremación en población hispanohablante,Eje I,1,"Problemas, síntomas y riesgo",Agresividad e ira,"Agresividad, ira y violencia",,hostilidad; rabia; agresión física; conducta violenta,Autoinforme,Cuestionario de autoinforme estandarizado de 29 ítems con escala Likert de 5 puntos (1 a 5).,Evaluación pericial forense / Riesgo,Adolescentes y adultos,adolescentes; adultos,8 a 12 minutos en autoadministración guiada o lectura asistida.,Escala de respuesta estructurada psicométrica,abierto,Sí (Uso académico libre),SI,Eje I/AQ,AQ_ficha_tecnica.pdf,AQ_protocolo.pdf,Cuestionario de autoinforme · 29 ítems · Likert de 5 puntos · 4 dimensiones
staxi-2_30,STAXI-2,Inventario de Expresión de Ira Estado-Rasgo 2,State-Trait Anger Expression Inventory-2 (STAXI-2),Charles D. Spielberger (1999),"Juan José Miguel-Tobal, María Isabel Casado, Antonio Cano-Vindel y C. D. Spielberger (2001); Hogrefe TEA",Eje I,1,"Problemas, síntomas y riesgo",Agresividad e ira,"Agresividad, ira y violencia",,hostilidad; rabia; agresión física; conducta violenta,Autoinforme,Autoinforme estructurado de 49 ítems distribuidos en 3 partes independientes con escalas Likert de 4 puntos,Evaluación pericial forense / Riesgo,Adolescentes y adultos,adolescentes; adultos,10 a 15 minutos (49 ítems),Escala de respuesta estructurada psicométrica,comercial,No (Copyright PAR / TEA Ediciones),NO,Eje I/STAXI-2,STAXI-2_ficha_tecnica.pdf,,Cuestionario de autoinforme · 49 ítems · Likert de 4 puntos · 3 dimensiones
rpq_31,RPQ,Cuestionario de Agresión Reactiva-Proactiva,_Reactive-Proactive Aggression Questionnaire (RPQ)_,"Adrian Raine, Kenneth Dodge, Rolf Loeber, Lise Gatzke-Kopp, Don Lynam, et al. (2006).","Andreu, Peña y Ramírez (2009, AEPCP); Cima et al. (2013).",Eje I,1,"Problemas, síntomas y riesgo",Agresividad e ira,"Agresividad, ira y violencia",,hostilidad; rabia; agresión física; conducta violenta,Autoinforme,"Autoinforme de 23 reactivos politómicos de 3 opciones de frecuencia (0 = Nunca, 1 = A veces, 2 = A menudo).",Diagnóstico y severidad,"Niños, adolescentes y jóvenes adultos",niños; adolescentes; adultos,5 a 8 minutos.,Escala de respuesta estructurada psicométrica,abierto,Sí (Uso investigativo),SI,Eje I/RPQ,RPQ_ficha_tecnica.pdf,RPQ_protocolo.pdf,Cuestionario de autoinforme · 23 ítems · Likert de 3 puntos · 2 dimensiones
pcl-r_32,PCL-R,Escala de Calificación de Psicopatía Revisada,"Hare Psychopathy Checklist-Revised (PCL-R 2nd Edition; Hare, 1991, 2003).","Dr. Robert D. Hare, Ph.D. (University of British Columbia, Canadá).","Moltó, Poy y Torrubia (2000); Torrubia et al. (2005); TEA Ediciones (Madrid, España).",Eje III,3,"Personalidad, identidad y valores",Conducta antisocial,"Agresividad, ira y violencia",,hostilidad; rabia; agresión física; conducta violenta,Heteroaplicado / Entrevista clínica,Escala de juicio clínico/forense de 20 reactivos basada en entrevista semiestructurada y expediente.,Evaluación pericial forense / Riesgo,Adultos (contexto clínico y forense),adultos,90 a 120 minutos de entrevista clínica + revisión exhaustiva de antecedentes colaterales.,Escala de respuesta estructurada psicométrica,comercial,No (Multi-Health Systems / TEA Ediciones),NO,Eje III/PCL-R,PCL-R_ficha_tecnica.pdf,,Entrevista semiestructurada y · 20 ítems · Escala de 3 puntos · 2 dimensiones
srp-iv_33,SRP-IV,Escala de Autoinforme de Psicopatía - Versión IV,"Hare Self-Report Psychopathy Scale 4th Edition (SRP-4; Paulhus, Neumann & Hare, 2016).","Delroy L. Paulhus, Ph.D., Craig S. Neumann, Ph.D. y Robert D. Hare, Ph.D.",Gordts et al. (2017); Torrubia y Cuquerella (2018); España y Latinoamérica.,Eje III,3,"Personalidad, identidad y valores",Conducta antisocial,"Agresividad, ira y violencia",,hostilidad; rabia; agresión física; conducta violenta,Autoinforme,Autoinforme psicométrico de 64 ítems balanceados con escala Likert de 5 puntos (1 a 5).,Diagnóstico y severidad,Adultos (general y clínica no reclusa),adultos,15 a 20 minutos en administración individual o colectiva.,Escala de respuesta estructurada psicométrica,comercial,No (MHS),NO,Eje III/SRP-IV,SRP-IV_ficha_tecnica.pdf,,Cuestionario de autoinforme · 64 ítems · Likert de 5 puntos · 4 dimensiones
scid-5-pd_34,SCID-5-PD,SCID-5-PD (Trastorno de la Personalidad Antisocial),Structured Clinical Interview for DSM-5 Personality Disorders (SCID-5-PD),"Michael B. First, Janet B. W. Williams, Lorna Smith Benjamin y Robert L. Spitzer (2015, 2016)",Editorial Médica Panamericana / American Psychiatric Association Publishing (2016),Eje I,1,"Problemas, síntomas y riesgo",Conducta antisocial,"Agresividad, ira y violencia",,hostilidad; rabia; agresión física; conducta violenta,Heteroaplicado / Entrevista clínica,Entrevista semiestructurada heteroaplicada precedida opcionalmente por el cuestionario de cribado SCID-5-SPQ,Diagnóstico y severidad,Adultos,adultos,45 a 90 minutos (entrevista completa) o 15 a 30 min (tras cribado previo SCID-5-SPQ),Escala de respuesta estructurada psicométrica,comercial,No (Copyright APA),NO,Eje I/SCID-5-PD,SCID-5-PD_ficha_tecnica.pdf,,"Entrevista clínica estructurada · Evaluación de los 7 criterios A del DSM-5, más criterios B y C · Valoración clínica de criterios · 1 constructo"
cbcl_35,CBCL,Inventario de Comportamiento Infantil (Subescalas Externalizantes),"Inventario de Comportamiento Infantil para Padres (Child Behavior Checklist for Ages 6-18, CBCL/6-18)","Thomas M. Achenbach & Leslie A. Rescorla (University of Vermont, 1991, 2001)","Sargent, Achenbach et al. (2000); Unidad de Epidemiología Psiquiátrica Univ. Autónoma de Barcelona",Eje I,1,"Problemas, síntomas y riesgo",Conducta disruptiva,Impulsividad y conducta disruptiva,,impulsividad; conducta antisocial; conducta disruptiva; trastorno de déficit de atención e hiperactividad; TDAH; conducta agresiva; conducta inadecuada,Autoinforme,113 ítems de problemas de conducta (0 = No es verdad; 1 = A veces; 2 = Muy a menudo) más 20 ítems de competencia,Diagnóstico y severidad,Niños y adolescentes (1.5-5 años y 6-18 años),niños; adolescentes,15 a 20 minutos (autoadministrado por los progenitores),Escala de respuesta estructurada psicométrica,comercial,No (Achenbach System of Empirically Based Assessment - ASEBA),NO,Eje I/CBCL,CBCL_ficha_tecnica.pdf,,Cuestionario heteroaplicado · 35 ítems · Likert de 3 puntos · 2 dimensiones
sdq_36,SDQ,Cuestionario de Capacidades y Dificultades,_Strengths and Difficulties Questionnaire (SDQ)_,"Prof. Robert Goodman (1997, 2001), Institute of Psychiatry, King's College London.","Ortuño-Sierra et al. (2015, validación normativa nacional en Psicothema); Rodríguez-Hernández et al. (2012).",Eje I,1,"Problemas, síntomas y riesgo",Conducta disruptiva,Impulsividad y conducta disruptiva,,impulsividad; conducta antisocial; conducta disruptiva; trastorno de déficit de atención e hiperactividad; TDAH; conducta agresiva; conducta inadecuada,Autoinforme,"Cuestionario multi-informante (autoinforme, padres y profesores) de 25 reactivos politómicos de 3 anclajes (0, 1 y 2).",Diagnóstico y severidad,Niños y adolescentes (3-16 años),niños; adolescentes,5 a 8 minutos.,Escala de respuesta estructurada psicométrica,abierto,Sí,SI,Eje I/SDQ,SDQ_ficha_tecnica.pdf,SDQ_protocolo.pdf,Cuestionario autoinforme y · 25 ítems · Likert de 3 puntos · 5 dimensiones · Informante adulto
dbd_37,DBD,Escala de Trastornos de Comportamiento Perturbador,_Disruptive Behavior Disorders Rating Scale (DBD)_,"William E. Pelham Jr., Elizabeth M. Gnagy, Kirsten E. Greenslade y Michael D. Fabiano (1992); Barkley (1997).","Farré-Riba y Narbona (1997, Revista de Neurología); Servera y Cardo (2007).",Eje I,1,"Problemas, síntomas y riesgo",Conducta disruptiva,Impulsividad y conducta disruptiva,,impulsividad; conducta antisocial; conducta disruptiva; trastorno de déficit de atención e hiperactividad; TDAH; conducta agresiva; conducta inadecuada,Autoinforme,Escala conductual de 45 reactivos politómicos de 4 opciones (0 = Nada a 3 = Mucho) alineada con criterios DSM.,Diagnóstico y severidad,Niños y adolescentes,niños; adolescentes,10 a 15 minutos por informante.,Escala de respuesta estructurada psicométrica,abierto,Sí (Dominio público),SI,Eje I/DBD,DBD_ficha_tecnica.pdf,DBD_protocolo.pdf,Cuestionario heteroaplicado · 45 ítems · Likert de 4 puntos · 3 constructos DSM · Informante adulto
assist_38,ASSIST,"Prueba de Detección de Consumo de Alcohol, Tabaco y Sustancias","_The Alcohol, Smoking and Substance Involvement Screening Test (ASSIST)_.","Grupo de Investigación Colaborativa de la OMS: Drs. Rachel Humeniuk, Robert Ali, Thomas F. Babor, Maristela G. Monteiro et al. (2002, 2010).",Adaptación y baremación en población hispanohablante,Eje I,1,"Problemas, síntomas y riesgo",Uso problemático de sustancias,Sustancias y alcoholismo,,consumo problemático; AUDIT; abuso de drogas; dependencia; adicción,Heteroaplicado / Entrevista clínica,Entrevista clínica estructurada o autoinforme guiado de 8 preguntas clave sobre 10 sustancias psicoactivas.,Cribado / Triaje rápido,Adultos,adultos,5 a 10 minutos (más breve si el consumo es exclusivo de una o dos sustancias).,Escala de respuesta estructurada psicométrica,abierto,"Sí (Dominio público, OMS)",SI,Eje I/ASSIST,ASSIST_ficha_tecnica.pdf,ASSIST_protocolo.pdf,Cuestionario · 8 ítems · Escala Likert sobre frecuencia de · Evalúa cada tipo de sustancia · Entrevista estructurada
audit_39,AUDIT,Prueba de Identificación de Trastornos Relacionados con el Alcohol,_The Alcohol Use Disorders Identification Test (AUDIT)_,"Drs. Thomas F. Babor, John C. Higgins-Biddle, John B. Saunders y Maristela G. Monteiro (1989, 2001) para la Organización Mundial de la Salud (OMS / WHO).",Adaptación y baremación en población hispanohablante,Eje I,1,"Problemas, síntomas y riesgo",Uso problemático de sustancias,Sustancias y alcoholismo,,consumo problemático; AUDIT; abuso de drogas; dependencia; adicción,Heteroaplicado / Entrevista clínica,Cuestionario estructurado de 10 ítems (puntuación 0 a 4) autoadministrado o aplicado en entrevista clínica.,Cribado / Triaje rápido,Adolescentes y adultos,adolescentes; adultos,3 a 5 minutos en formato autoinforme o cribado breve asistido.,Escala de respuesta estructurada psicométrica,abierto,Sí,SI,Eje I/AUDIT,AUDIT_ficha_tecnica.pdf,AUDIT_protocolo.pdf,Cuestionario de autoinforme · 10 ítems · Escala Likert de · 3 dimensiones
dast-10_40,DAST-10,Prueba de Detección de Abuso de Drogas,Drug Abuse Screening Test - Versión Corta de 10 ítems (DAST-10),"Harvey A. Skinner (1982) - Addiction Research Foundation (Toronto, Canadá)",Bedregal et al. (2006) y Pérez-Gálvez et al. (2010),Eje I,1,"Problemas, síntomas y riesgo",Uso problemático de sustancias,Sustancias y alcoholismo,,consumo problemático; AUDIT; abuso de drogas; dependencia; adicción,Heteroaplicado / Entrevista clínica,Autoinforme o cuestionario heteroaplicado estructurado de cribado,Cribado / Triaje rápido,Adultos,adultos,3 a 5 minutos (10 preguntas dicotómicas),Dicotómico: Sí / No (referido a los últimos 12 meses),abierto,Sí,SI,Eje I/DAST-10,DAST-10_ficha_tecnica.pdf,DAST-10_protocolo.pdf,Cuestionario de autoinforme · 10 ítems · Dicotómica (Sí/No) · Unidimensional · Autoinforme/entrevista breve
iat_41,IAT,Test de Adicción a Internet,_Internet Addiction Test (IAT)_,Kimberly S. Young (1998; Center for Internet Addiction),"Fernández-Villa et al. (2015, validación en jóvenes españoles); Puerta-Cortés y Carbonell (2013); Gómez et al. (2017).",Eje I,1,"Problemas, síntomas y riesgo",Adicciones conductuales,Adicciones conductuales,,juego patológico; ludopatía; uso de internet; apuestas,Autoinforme,Autoinforme de 20 reactivos politómicos puntuados en escala Likert de 5 anclajes (1 a 5).,Diagnóstico y severidad,Adolescentes y adultos,adolescentes; adultos,5 a 8 minutos.,Escala de respuesta estructurada psicométrica,abierto,Sí,SI,Eje I/IAT,IAT_ficha_tecnica.pdf,IAT_protocolo.pdf,Cuestionario de autoinforme · 20 ítems · Likert de 5 puntos · 6 dimensiones
sogs_42,SOGS,Prueba de Detección de Juego Patológico de South Oaks,_South Oaks Gambling Screen (SOGS)_,"Henry R. Lesieur y Sheila B. Blume (1987), South Oaks Hospital, Nueva York.","Echeburúa, Báez, Fernández-Montalvo y Páez (1994, validación de referencia); Becoña (1996); DGOJ (Ministerio de Consumo).",Eje I,1,"Problemas, síntomas y riesgo",Adicciones conductuales,Adicciones conductuales,,juego patológico; ludopatía; uso de internet; apuestas,Observacional / Registro conductual,Autoinforme/heteroinforme compuesto por preguntas de modalidad de juego e ítems puntuables (0 a 20 puntos).,Diagnóstico y severidad,Adultos,adultos,6 a 10 minutos.,Escala de respuesta estructurada psicométrica,abierto,Sí,SI,Eje I/SOGS,SOGS_ficha_tecnica.pdf,SOGS_protocolo.pdf,Cuestionario de autoinforme · 20 ítems · Dicotómica (Sí/No) · Unidimensional · Autoinforme/entrevista breve
pdi-21_43,PDI-21,Inventario de Delirios de Peters,_Peters et al. Delusions Inventory - 21 Item Version (PDI-21)_,"Emmanuelle Peters, Stephen Joseph, Sam Day y Philippa Garety (2004), King's College London.","Fonseca-Pedrero et al. (2012, Universidad de La Rioja / CIBERSAM); López-Ilundain et al. (2006).",Eje I,1,"Problemas, síntomas y riesgo",Ideación delirante,Psicosis y experiencias delirantes,,esquizofrenia; síntomas positivos; delirio; alucinación,Autoinforme,"Autoinforme de 21 reactivos dicotómicos con subescalas condicionales de Angustia, Preocupación y Convicción.",Diagnóstico y severidad,Adultos,adultos,8 a 15 minutos.,Escala de respuesta estructurada psicométrica,abierto,Sí,SI,Eje I/PDI-21,PDI-21_ficha_tecnica.pdf,PDI-21_protocolo.pdf,Cuestionario de autoinforme · 21 ítems · Likert de 5 puntos · 3 dimensiones
cape-42_44,CAPE-42,Evaluación Comunitaria de Experiencias Psíquicas,_Community Assessment of Psychic Experiences (CAPE)_.,"Drs. N. C. Stefanis, M. Hanssen, N. K. Smirnis, D. A. Avramopoulos, I. K. Evdokimidis, C. N. Stefanis, H. Verdoux y J. Van Os (2002), Universidades de Atenas, Burdeos y Maastricht.",Adaptación y baremación en población hispanohablante,Eje I,1,"Problemas, síntomas y riesgo",Experiencias perceptivas inusuales,Psicosis y experiencias delirantes,,esquizofrenia; síntomas positivos; delirio; alucinación,Autoinforme,Cuestionario de autoinforme clínico y comunitario con doble escala de valoración (Frecuencia y Distrés).,Diagnóstico y severidad,Adolescentes y adultos,adolescentes; adultos,10 a 15 minutos en autoaplicación guiada.,Escala de respuesta estructurada psicométrica,abierto,Sí,SI,Eje I/CAPE-42,CAPE-42_ficha_tecnica.pdf,CAPE-42_protocolo.pdf,Cuestionario de autoinforme · 42 ítems · Escala Likert doble: evalúa · 3 dimensiones
panss_45,PANSS,Escala de los Síndromes Positivo y Negativo,Positive and Negative Syndrome Scale for Schizophrenia (PANSS),"Stanley R. Kay, Abraham Fiszbein y Lewis A. Opler (1987)",Víctor Peralta Martín y Manuel J. Cuesta (1994); Bobes et al. (2004),Eje I,1,"Problemas, síntomas y riesgo",Desorganización cognitiva y conductual,Psicosis y experiencias delirantes,,esquizofrenia; síntomas positivos; delirio; alucinación,Heteroaplicado / Entrevista clínica,Entrevista clínica estructurada heteroaplicada e informe observacional de informantes,Diagnóstico y severidad,Adultos,adultos,40 a 50 minutos (30 a 40 min entrevista semiestructurada SCI-PANSS + 10 min calificación),Escala Likert clínica de 7 puntos: 1 (Ausente) a 7 (Extremo / máxima gravedad),comercial,No (MHS),SI,Eje I/PANSS,PANSS_ficha_tecnica.pdf,PANSS_protocolo.pdf,Entrevista clínica estructurada · 30 ítems · Likert de 7 puntos · 3 dimensiones · Entrevista y observación clíni
c-ssrs_46,C-SSRS,Escala Columbia para Evaluar el Riesgo de Suicidio,_Columbia-Suicide Severity Rating Scale (C-SSRS)_,"Dra. Kelly Posner, David Brent, Cheryl King et al. (2008, 2011), Universidad de Columbia.",Al-Halabí et al. (2016); Blasco-Fontecilla et al. (2012). Validación oficial multicéntrica.,Eje I,1,"Problemas, síntomas y riesgo",Ideación y Conducta suicida,Suicidio y autolesión,,ideación suicida; riesgo de suicidio; NSSI; autolesiones,Heteroaplicado / Entrevista clínica,Entrevista semiestructurada o cribado clínico asistido con árbol de decisión jerárquico.,Cribado / Triaje rápido,Todas las edades,niños; adolescentes; adultos; mayores,2 a 5 minutos en versión cribado (_Screener_); 10 a 15 minutos en versión completa.,Escala de respuesta estructurada psicométrica,abierto,Sí,SI,Eje I/C-SSRS,C-SSRS_ficha_tecnica.pdf,C-SSRS_protocolo.pdf,Entrevista estructurada clínica o · 10 ítems · Dicotómica (Sí/No) · 2 áreas primarias · Entrevista estructurada por pe
bss_47,BSS,Escala de Ideación Suicida de Beck,"Escala de Ideación Suicida de Beck (Beck Scale for Suicide Ideation, BSS)","Aaron T. Beck, Maria Kovacs & Arlene Weissman (Univ. of Pennsylvania, 1979; Beck & Steer, 1991)","Bobes García, García-Portilla, Bascarán, Sáiz et al. (2004, Banco de Instrumentos / CIBERSAM)",Eje I,1,"Problemas, síntomas y riesgo",Ideación y Conducta suicida,Suicidio y autolesión,,ideación suicida; riesgo de suicidio; NSSI; autolesiones,Autoinforme,21 ítems politómicos graduados de 0 a 2 puntos (19 ítems de ideación computable + 2 de intentos previos),Evaluación pericial forense / Riesgo,,adolescentes; adultos; mayores,5 a 10 minutos (mediante entrevista clínica semiestructurada o autoinforme supervisado),Escala de respuesta estructurada psicométrica,comercial,No (Pearson),SI,Eje I/BSS,BSS_ficha_tecnica.pdf,BSS_protocolo.pdf,21 ítems · Likert de 3 puntos · Unidimensional
isas_48,ISAS,Inventario de Declaraciones sobre Autolesiones,_Inventory of Statements About Self-injury (ISAS)_,"E. David Klonsky y Catherine R. Glenn (2009), Stony Brook University.","Pérez, García-Alandete, Cañabate y Marco (2020, UV); García-Nieto et al. (2013).",Eje I,1,"Problemas, síntomas y riesgo",Autolesiones no suicidas,Suicidio y autolesión,,ideación suicida; riesgo de suicidio; NSSI; autolesiones,Autoinforme,Autoinforme de dos secciones: Sección I (13 conductas + 7 ítems descriptivos); Sección II (39 ítems funcionales).,Diagnóstico y severidad,Adolescentes y adultos,adolescentes; adultos,10 a 15 minutos.,Escala de respuesta estructurada psicométrica,abierto,Sí,SI,Eje I/ISAS,ISAS_ficha_tecnica.pdf,ISAS_protocolo.pdf,Autoinforme · Sección I: 7 preguntas sobre historia y características de la autolesión. Sección II: 39 afirmaciones sobre funciones · Escala de 3 puntos · Papel y lápiz o digital
hcr-20_v3_49,HCR-20 v3,Guía de Evaluación del Riesgo de Violencia,"Historical-Clinical-Risk Management-20, Version 3 (HCR-20 v3)","Kevin S. Douglas, Christopher D. Webster, Stephen D. Hart, Randall T. Otto y Christopher Belfrage (2013)","Karin Arbach-Lucioni, Antonio Andrés-Pueyo et al. (2015)",Eje I,1,"Problemas, síntomas y riesgo",Riesgo de violencia,"Agresividad, ira y violencia",,hostilidad; rabia; agresión física; conducta violenta,Autoinforme,Guía estructurada de juicio profesional asistido (Structured Professional Judgment - SPJ),Diagnóstico y severidad,Adultos,adultos,"1.5 a 3 horas (revisión documental exhaustiva, entrevista clínica y contraste con informantes)",Escala de respuesta estructurada psicométrica,comercial,No (Requiere manual),NO,Eje I/HCR-20 v3,HCR-20 v3_ficha_tecnica.pdf,,Protocolo de juicio clínico · 20 ítems · Calificación forense de riesgo · 3 dimensiones
jvq_50,JVQ,Cuestionario de Victimización Juvenil,_Juvenile Victimization Questionnaire (JVQ)_,"David Finkelhor, Sherry L. Hamby, Richard Ormrod y Heather A. Turner (2005), University of New Hampshire.","Noemí Pereda, Georgina Guilera, Maria Forns y Juana Gómez-Benito (2010, Child Abuse & Neglect); Pereda et al. (2014).",Eje I,1,"Problemas, síntomas y riesgo",Vulnerabilidad y victimización,Trauma y estrés postraumático,,TEPT; trauma complejo; estrés agudo; disociación,Autoinforme,Entrevista estructurada o autoinforme de 34 reactivos dicotómicos (Sí/No) con preguntas de seguimiento cualitativo.,Evaluación pericial forense / Riesgo,Niños y adolescentes,niños; adolescentes,15 a 25 minutos.,Escala de respuesta estructurada psicométrica,abierto,Sí,SI,Eje I/JVQ,JVQ_ficha_tecnica.pdf,JVQ_protocolo.pdf,Cuestionario · 34 ítems · Dicotómica (Sí/No) · 5 dimensiones · Entrevista estructurada/autoin
rrs_51,RRS,Escala de Respuestas Rumiativas,_Ruminative Responses Scale (RRS)_,Dras. Susan Nolen-Hoeksema y J. Morrow (1991); revisión de Treynor et al. (2003).,"Daniel Hervás (2008); validación de Hervás y Vázquez (2006), Universidad Complutense de Madrid.",Eje II,2,Procesos psicológicos y mantenimiento,Rumiación,Esquemas y procesos cognitivos,,creencias centrales; distorsiones cognitivas; rumiación; preocupación,Autoinforme,Autoinforme escalar de 22 reactivos con escala Likert de 4 puntos (1 a 4).,Monitoreo de proceso / Evolución,Adultos y adolescentes,adolescentes; adultos,3 a 5 minutos en autoadministración; 6 minutos asistido.,Escala de respuesta estructurada psicométrica,abierto,Sí,SI,Eje II/RRS,RRS_ficha_tecnica.pdf,RRS_protocolo.pdf,Cuestionario de autoinforme · 22 ítems · Likert de 4 puntos · 2 dimensiones
pswq_52,PSWQ,Cuestionario de Preocupación del Estado de Pensilvania,_Penn State Worry Questionnaire (PSWQ)_,"Drs. T. J. Meyer, M. L. Miller, R. L. Metzger y T. D. Borkovec (1990), Pennsylvania State University.","Bonifacio Sandín, Paloma Chorot, Rosa M. Valiente y L. Lostao (2009); Ramos-Cejudo et al.",Eje II,2,Procesos psicológicos y mantenimiento,Preocupación crónica,Ansiedad y fobia,,TAG; fobia social; crisis de angustia; pánico; agorafobia,Autoinforme,Autoinforme dimensional de 16 reactivos con escala Likert de 5 puntos (1 a 5).,Monitoreo de proceso / Evolución,Adultos,adultos,3 a 5 minutos en autoadministración; 6 minutos asistido.,Escala de respuesta estructurada psicométrica,abierto,Sí,SI,Eje II/PSWQ,PSWQ_ficha_tecnica.pdf,PSWQ_protocolo.pdf,Cuestionario de autoinforme · 16 ítems · Likert de 5 puntos · Unidimensional · No promover hasta reemplazar p
ius-12_53,IUS-12,Escala de Intolerancia a la Incertidumbre,_Intolerance of Uncertainty Scale – Short Form (IUS-12)_,"Drs. R. Nicholas Carleton, M. A. P. J. Norton y Gordon J. G. Asmundson (2007).",González-Rodríguez et al. (2018); validación clínica y psicométrica de Flores-Kanter et al. (2020).,Eje II,2,Procesos psicológicos y mantenimiento,Intolerancia a la incertidumbre,Ansiedad y fobia,,TAG; fobia social; crisis de angustia; pánico; agorafobia,Autoinforme,Autoinforme escalar de 12 reactivos con escala Likert de 5 puntos (1 a 5).,Monitoreo de proceso / Evolución,Adultos,adultos,2 a 4 minutos en autoadministración; 5 minutos asistido.,Escala de respuesta estructurada psicométrica,abierto,Sí,SI,Eje II/IUS-12,IUS-12_ficha_tecnica.pdf,IUS-12_protocolo.pdf,Cuestionario de autoinforme · 12 ítems · Likert de 5 puntos · 2 dimensiones
aaq-ii_54,AAQ-II,Cuestionario de Aceptación y Acción II,_Acceptance and Action Questionnaire – II (AAQ-II)_,"Drs. Frank W. Bond, Steven C. Hayes, Ruth A. Baer, et al. (2011).","Francisco J. Ruiz, Álvaro I. Langer, Carmen Luciano, Adolfo J. Cangas e Inmaculada Beltrán (2013).",Eje II,2,Procesos psicológicos y mantenimiento,Rigidez y Flexibilidad cognitiva,Flexibilidad psicológica y mindfulness,,resiliencia; atención plena; adaptabilidad; flexibilidad cognitiva; percepción positiva; mindfulness,Autoinforme,Autoinforme dimensional de 7 reactivos con escala de respuesta Likert de 7 puntos (1 a 7).,Monitoreo de proceso / Evolución,Adultos,adultos,1 a 3 minutos en autoadministración; 3 a 5 minutos asistido.,Escala de respuesta estructurada psicométrica,abierto,Sí,SI,Eje II/AAQ-II,AAQ-II_ficha_tecnica.pdf,AAQ-II_protocolo.pdf,Cuestionario de autoinforme · 7 ítems · Likert de 7 puntos · Unidimensional
cfi_55,CFI,Inventario de Flexibilidad Cognitiva,_Cognitive Flexibility Inventory (CFI)_,"Drs. John P. Dennis y Jillon S. Vander Wal (2010), Saint Louis University.",Adaptación y baremación en población hispanohablante,Eje II,2,Procesos psicológicos y mantenimiento,Rigidez y Flexibilidad cognitiva,Flexibilidad psicológica y mindfulness,,resiliencia; atención plena; adaptabilidad; flexibilidad cognitiva; percepción positiva; mindfulness,Autoinforme,Autoinforme psicométrico bifactorial de 20 reactivos con escala Likert de 7 puntos (1 a 7).,Monitoreo de proceso / Evolución,Adultos,adultos,4 a 6 minutos en autoadministración.,Escala de respuesta estructurada psicométrica,abierto,Sí,SI,Eje II/CFI,CFI_ficha_tecnica.pdf,CFI_protocolo.pdf,Cuestionario de autoinforme · 20 ítems · Likert de 7 puntos · 2 dimensiones
cfq_56,CFQ,Cuestionario de Fusión Cognitiva,_Cognitive Fusion Questionnaire (CFQ)_,"David T. Gillanders, Helen Bolderston, Frank W. Bond, Martin Dempster et al. (2014).","Francisco J. Ruiz, Juan C. Suárez-Falcón, Diana Riaño-Hernández y D. Gillanders (2017).",Eje II,2,Procesos psicológicos y mantenimiento,Fusión cognitiva,Flexibilidad psicológica y mindfulness,,resiliencia; atención plena; adaptabilidad; flexibilidad cognitiva; percepción positiva; mindfulness,Autoinforme,Autoinforme psicométrico unifactorial de 7 reactivos con escala Likert de 7 puntos (1 a 7).,Monitoreo de proceso / Evolución,Adultos,adultos,2 a 3 minutos en autoadministración.,Escala de respuesta estructurada psicométrica,abierto,Sí,SI,Eje II/CFQ,CFQ_ficha_tecnica.pdf,CFQ_protocolo.pdf,7 ítems · Likert de 7 puntos
mcq-30_57,MCQ-30,Cuestionario de Metacogniciones,_Metacognitions Questionnaire 30 (MCQ-30)_,"Drs. Adrian Wells y Samantha Cartwright-Hatton (2004), University of Manchester.","Juan Ramos-Cejudo, José M. Salguero y Antonio Cano-Vindel (2013), Universidad Complutense de Madrid.",Eje II,2,Procesos psicológicos y mantenimiento,Metacogniciones disfuncionales,Esquemas y procesos cognitivos,,creencias centrales; distorsiones cognitivas; rumiación; preocupación,Autoinforme,Autoinforme dimensional de 30 reactivos con escala Likert de 4 puntos (1 a 4).,Monitoreo de proceso / Evolución,Adultos,adultos,5 a 8 minutos en autoadministración; 10 minutos asistido.,Escala de respuesta estructurada psicométrica,abierto,Sí,SI,Eje II/MCQ-30,MCQ-30_ficha_tecnica.pdf,MCQ-30_protocolo.pdf,Cuestionario de autoinforme · 30 ítems · Likert de 4 puntos · 5 dimensiones
ysq-s3_58,YSQ-S3,Cuestionario de Esquemas de Young,_Young Schema Questionnaire – Short Form 3 (YSQ-S3)_,"Dr. Jeffrey E. Young (2005), Schema Therapy Institute, Nueva York.","Calvete et al. (2013, España); Cid et al. (2013, Chile); Landa-Ramírez et al. (2020).",Eje II,2,Procesos psicológicos y mantenimiento,Esquemas maladaptativos,Esquemas y procesos cognitivos,,creencias centrales; distorsiones cognitivas; rumiación; preocupación,Autoinforme,Autoinforme dimensional de 90 reactivos estructurados en escala Likert de 6 puntos (1 a 6).,Monitoreo de proceso / Evolución,Adultos,adultos,15 a 20 minutos en autoadministración.,Escala de respuesta estructurada psicométrica,abierto,Sí (Versión de investigación),NO,Eje II/YSQ-S3,YSQ-S3_ficha_tecnica.pdf,,Cuestionario de autoinforme · 90 ítems · Likert de 6 puntos · 5 dimensiones
ders_59,DERS,Escala de Dificultades en la Regulación Emocional,_Difficulties in Emotion Regulation Scale (DERS)_,"Dras. Kim L. Gratz y Lizabeth Roemer (2004), University of Massachusetts Boston.","Gonzalo Hervás y Rafael Jódar (2008), Universidad Complutense de Madrid.",Eje II,2,Procesos psicológicos y mantenimiento,Regulación y Desregulación emocional,Regulación emocional,,regulación emocional; homeostasis emocional; estabilidad emocional; disfunción emocional; control emocional; regulación afectiva,Autoinforme,Autoinforme multidimensional de 28 reactivos con escala Likert de 5 puntos (1 a 5).,Monitoreo de proceso / Evolución,Adultos y adolescentes,adolescentes; adultos,5 a 8 minutos en autoadministración; 10 minutos asistido.,Escala de respuesta estructurada psicométrica,abierto,Sí,SI,Eje II/DERS,DERS_ficha_tecnica.pdf,DERS_protocolo.pdf,Cuestionario de autoinforme · 37 ítems · Likert de 5 puntos · 6 dimensiones · No promover como DERS validada
cerq_60,CERQ,Cuestionario de Regulación Cognitiva de las Emociones,_Cognitive Emotion Regulation Questionnaire (CERQ)_,"Dras. Nadia Garnefski, Vivian Kraaij y Philip Spinhoven (2001, 2002), Leiden University.","Domínguez-Sánchez, Lasa-Aristu, Amor y Holgado-Tello (2011, 2013); Chamizo-Nieto et al.",Eje II,2,Procesos psicológicos y mantenimiento,Regulación y Desregulación emocional,Regulación emocional,,regulación emocional; homeostasis emocional; estabilidad emocional; disfunción emocional; control emocional; regulación afectiva,Autoinforme,Autoinforme dimensional de 36 reactivos con escala Likert de 5 puntos (1 a 5).,Monitoreo de proceso / Evolución,"Adultos, adolescentes y niños",niños; adolescentes; adultos,6 a 10 minutos en autoadministración; 12 minutos asistido.,Escala de respuesta estructurada psicométrica,abierto,Sí,SI,Eje II/CERQ,CERQ_ficha_tecnica.pdf,CERQ_protocolo.pdf,Cuestionario de autoinforme · 36 ítems · Likert de 5 puntos · 9 estrategias cognitivas
leas_61,LEAS,Escala de Niveles de Conciencia Emocional,_Levels of Emotional Awareness Scale (LEAS)_,"Drs. Richard D. Lane, Donald R. Quinlan, Gary E. Schwartz et al. (1990), University of Arizona.",Barchard et al. (2010); adaptaciones y baremación clínica de Bados et al. y UCM.,Eje II,2,Procesos psicológicos y mantenimiento,Conciencia emocional,Regulación emocional,,regulación emocional; homeostasis emocional; estabilidad emocional; disfunción emocional; control emocional; regulación afectiva,Rendimiento neurocognitivo / Tarea de ejecución,Prueba de rendimiento máximo basada en escenarios interpersonales con respuesta abierta narrativa.,Monitoreo de proceso / Evolución,Adultos,adultos,10 a 15 minutos (versión 10 escenarios); 20 a 25 minutos (versión 20 escenarios).,Escala de respuesta estructurada psicométrica,abierto,Sí (Manual disponible para investigación),SI,Eje II/LEAS,LEAS_ficha_tecnica.pdf,LEAS_protocolo.pdf,Prueba de ejecución/rendimiento · 20 escenarios cortos interpersonales · Respuesta abierta · Unidimensional
tas-20_62,TAS-20,Escala de Alexitimia de Toronto,_Toronto Alexithymia Scale-20 (TAS-20)_,"Drs. R. Michael Bagby, James D. A. Parker y Graeme J. Taylor (1994), University of Toronto.",Martínez-Sánchez (1996); Moral de la Rubia (2008); Páez et al. (1999).,Eje II,2,Procesos psicológicos y mantenimiento,Claridad emocional y Alexitimia,Regulación emocional,,regulación emocional; homeostasis emocional; estabilidad emocional; disfunción emocional; control emocional; regulación afectiva,Autoinforme,Autoinforme escalar de 20 reactivos con escala Likert de 5 puntos (1 a 5).,Monitoreo de proceso / Evolución,Adultos,adultos,3 a 5 minutos en autoadministración; 6 minutos asistido.,Escala de respuesta estructurada psicométrica,abierto,Sí,NO,Eje II/TAS-20,TAS-20_ficha_tecnica.pdf,,Cuestionario de autoinforme · 20 ítems · Likert de 5 puntos · 3 dimensiones
meaq_63,MEAQ,Cuestionario Multidimensional de Evitación Experiencial,_Multidimensional Experiential Avoidance Questionnaire (MEAQ)_,"Drs. Wynne Gámez, M. Chmielewski, R. Kotov, C. Ruggero y D. Watson (2011).",Adaptación y baremación en población hispanohablante,Eje II,2,Procesos psicológicos y mantenimiento,Evitación experiencial,Flexibilidad psicológica y mindfulness,,resiliencia; atención plena; adaptabilidad; flexibilidad cognitiva; percepción positiva; mindfulness,Autoinforme,Autoinforme multidimensional de 62 ítems con escala Likert de 6 puntos (1 a 6).,Monitoreo de proceso / Evolución,Adultos,adultos,12 a 15 minutos en autoadministración.,Escala de respuesta estructurada psicométrica,abierto,Sí,NO,Eje II/MEAQ,MEAQ_ficha_tecnica.pdf,,Cuestionario de autoinforme · 62 ítems · Likert de 6 puntos · 6 dimensiones
bads_64,BADS,Escala de Activación Conductual para la Depresión,_Behavioral Activation for Depression Scale (BADS)_,"Drs. Jonathan W. Kanter, Andrew M. Mulick, Andrew M. Busch et al. (2007).","Jorge Barraca, Marino Pérez-Álvarez y Roberto Lozano Bleda (2011), Univ. Camilo José Cela.",Eje II,2,Procesos psicológicos y mantenimiento,Activación y Evitación conductual,Depresión y estado de ánimo,,depresión mayor; distimia; afecto negativo; anhedonia; ánimo bajo,Autoinforme,Autoinforme de monitorización procesual de 25 reactivos tipo Likert de 7 puntos (0 a 6).,Monitoreo de proceso / Evolución,Adultos,adultos,5 a 8 minutos en autoadministración; 10 minutos asistido.,Escala de respuesta estructurada psicométrica,abierto,Sí,SI,Eje II/BADS,BADS_ficha_tecnica.pdf,BADS_protocolo.pdf,Cuestionario de autoinforme · 25 ítems · Likert de 7 puntos · 4 dimensiones
eros_65,EROS,Escala de Observación de Recompensas Ambientales,_Environmental Reward Observation Scale (EROS)_,"Dras. Maria E. A. Armento y Derek R. Hopko (2007), University of Tennessee.","Jorge Barraca y Marino Pérez-Álvarez (2010), Universidad Camilo José Cela y Univ. de Oviedo.",Eje II,2,Procesos psicológicos y mantenimiento,Activación y Evitación conductual,Depresión y estado de ánimo,,depresión mayor; distimia; afecto negativo; anhedonia; ánimo bajo,Autoinforme,Autoinforme dimensional breve de 10 reactivos con escala Likert de 4 puntos (1 a 4).,Monitoreo de proceso / Evolución,Adultos,adultos,1 a 3 minutos en autoadministración; 3 a 4 minutos asistido.,Escala de respuesta estructurada psicométrica,abierto,Sí,SI,Eje II/EROS,EROS_ficha_tecnica.pdf,EROS_protocolo.pdf,Cuestionario de autoinforme · 10 ítems · Likert de 4 puntos · Unidimensional
brief_cope_66,Brief COPE,Inventario Breve de Afrontamiento,_Brief COPE (Coping Orientation to Problems Experienced)_,"Dr. Charles S. Carver (1997), University of Miami.",Morán et al. (2010); Crespo & Cruzado (2014); Perczek et al. (2000).,Eje II,2,Procesos psicológicos y mantenimiento,Exposición y afrontamiento,Afrontamiento y resiliencia,,coping; resiliencia; tolerancia a la frustración; adaptación,Autoinforme,Autoinforme multidimensional de 28 reactivos con escala Likert de 4 anclajes (1 a 4).,Monitoreo de proceso / Evolución,Adultos,adultos,4 a 7 minutos en autoadministración; 8 minutos asistido.,Escala de respuesta estructurada psicométrica,abierto,Sí,SI,Eje II/Brief COPE,Brief COPE_ficha_tecnica.pdf,Brief COPE_protocolo.pdf,Cuestionario de autoinforme · 24 ítems · Likert de 4 puntos · 14 estrategias · Autoinforme referido a una sit
bis_68,BIS/BAS,Escalas del Sistema de Inhibición y Aproximación Conductual,_Behavioral Inhibition System and Behavioral Activation System Scales (BIS/BAS)_,"Drs. Charles S. Carver y Teri L. White (1994), University of Miami.","Sandra Torrubia, Ávila-Espada et al. (2001); Romero et al. (2003); Ferrando et al.",Eje II,2,Procesos psicológicos y mantenimiento,Búsqueda de recompensa,Impulsividad y conducta disruptiva,,impulsividad; conducta antisocial; conducta disruptiva; trastorno de déficit de atención e hiperactividad; TDAH; conducta agresiva; conducta inadecuada,Autoinforme,Autoinforme de 24 reactivos (20 puntuables + 4 distractores) con escala Likert de 4 puntos (1 a 4).,Monitoreo de proceso / Evolución,Adultos,adultos,4 a 6 minutos en autoadministración.,Escala de respuesta estructurada psicométrica,abierto,Sí,SI,Eje II/BIS_BAS,BIS/BAS_ficha_tecnica.pdf,BIS/BAS_protocolo.pdf,Cuestionario de autoinforme · 24 ítems · Likert de 4 puntos · 3 dimensiones
ecr-r_69,ECR-R,Experiencias en Relaciones Cercanas - Revisado,_Experiences in Close Relationships-Revised (ECR-R)_,"Drs. R. Chris Fraley, Niels G. Waller y Kelly A. Brennan (2000).","Alonso-Arbiol, Balluerka y Shaver (2007); Fernández-Fuertes et al. (2011).",Eje II,2,Procesos psicológicos y mantenimiento,Apego,Apego y relaciones interpersonales,,apego ansioso; apego evitativo; dependencia emocional; asertividad,Autoinforme,Autoinforme escalar de 36 reactivos con escala Likert de 7 anclajes (1 a 7).,Monitoreo de proceso / Evolución,Adultos,adultos,6 a 10 minutos en autoadministración; 12 minutos asistido.,Escala de respuesta estructurada psicométrica,abierto,Sí,SI,Eje II/ECR-R,ECR-R_ficha_tecnica.pdf,ECR-R_protocolo.pdf,Cuestionario de autoinforme · 36 ítems · Likert de 7 puntos · 2 dimensiones
idi_70,IDI,Inventario de Dependencia Interpersonal,_Interpersonal Dependency Inventory (IDI)_,"Drs. Robert M. A. Hirschfeld, G. L. Klerman, P. Chodoff, S. Korchin y J. Barrett (1977).",Validaciones clínicas en España y Latinoamérica (Lemos & Londoño; Bornstein et al.).,Eje II,2,Procesos psicológicos y mantenimiento,Dependencia interpersonal,Apego y relaciones interpersonales,,apego ansioso; apego evitativo; dependencia emocional; asertividad,Autoinforme,Autoinforme psicométrico multidimensional de 48 reactivos con escala Likert de 4 puntos (1 a 4).,Monitoreo de proceso / Evolución,Adultos,adultos,8 a 12 minutos en autoadministración.,Escala de respuesta estructurada psicométrica,abierto,Sí,NO,Eje II/IDI,IDI_ficha_tecnica.pdf,,Cuestionario de autoinforme · 48 ítems · Likert de 4 puntos · 3 dimensiones
rsq_71,RSQ,Cuestionario de Sensibilidad al Rechazo,"Rejection Sensitivity Questionnaire (RSQ; Downey & Feldman, 1996).","Dra. Geraldine Downey y Dr. Scott I. Feldman (Universidad de Columbia, EE. UU.).",Romero-Canyas et al. (2010); adaptaciones validadas en España y Latinoamérica.,Eje II,2,Procesos psicológicos y mantenimiento,Sensibilidad al rechazo,Apego y relaciones interpersonales,,apego ansioso; apego evitativo; dependencia emocional; asertividad,Autoinforme,Autoinforme situacional de 18 escenarios interpersonales con doble escala Likert de 6 puntos (1 a 6).,Monitoreo de proceso / Evolución,Adultos y universitarios,adultos,8 a 12 minutos en autoadministración.,Escala de respuesta estructurada psicométrica,abierto,Sí,NO,Eje II/RSQ,RSQ_ficha_tecnica.pdf,,Cuestionario de autoinforme · 27 ítems · Likert de 6 puntos · Unidimensional · No cotejable para RSQ-sensibil
iip-32_72,IIP-32,Inventario de Problemas Interpersonales (Versión Breve),_Inventory of Interpersonal Problems - Short Form (IIP-32)_,"Drs. Leonard M. Horowitz, S. E. Rosenberg, B. A. Baer, G. Ureño y V. Villaseñor (1988, 2000).","Gómez Penedo, Fernández-Álvarez, Maristany & Freiberg Hoffmann (2022); Cifuentes et al.",Eje II,2,Procesos psicológicos y mantenimiento,Comunicación interpersonal y Asertividad,Apego y relaciones interpersonales,,apego ansioso; apego evitativo; dependencia emocional; asertividad,Autoinforme,Autoinforme dimensional de 32 reactivos estructurados en 8 octantes (escala Likert 0 a 4).,Monitoreo de proceso / Evolución,Adultos,adultos,6 a 8 minutos en autoadministración.,Escala de respuesta estructurada psicométrica,abierto,Sí,NO,Eje II/IIP-32,IIP-32_ficha_tecnica.pdf,,Cuestionario de autoinforme · 32 ítems · Likert de 5 puntos · 8 dimensiones
ras_73,RAS,Escala de Asertividad de Rathus,_Rathus Assertiveness Schedule (RAS)_,"Dr. Spencer A. Rathus (1973), Seton Hall University.",Adaptación y baremación en población hispanohablante,Eje II,2,Procesos psicológicos y mantenimiento,Comunicación interpersonal y Asertividad,Apego y relaciones interpersonales,,apego ansioso; apego evitativo; dependencia emocional; asertividad,Autoinforme,Autoinforme conductual de 30 reactivos con escala Likert de 6 puntos bipolares (-3 a +3).,Monitoreo de proceso / Evolución,Adultos y adolescentes,adolescentes; adultos,6 a 10 minutos en autoadministración.,Escala de respuesta estructurada psicométrica,abierto,Sí,NO,Eje II/RAS,RAS_ficha_tecnica.pdf,,Cuestionario de autoinforme · 30 ítems · Likert de 6 puntos · Unidimensional
ucla-r_74,UCLA-R,Escala de Soledad de UCLA Revisada,_UCLA Loneliness Scale (Version 3)_,"Dr. Daniel W. Russell (1996), Iowa State University.",Expósito y Moya (1999); Velarde-Mayol et al. (2016); Sanz et al. (2007).,Eje II,2,Procesos psicológicos y mantenimiento,Soledad y aislamiento social,Apoyo social y familia,,red de apoyo; funcionamiento familiar; dinámica de pareja,Autoinforme,Autoinforme escalar de 20 reactivos con escala Likert de 4 opciones (1 a 4).,Monitoreo de proceso / Evolución,Adultos y adolescentes,adolescentes; adultos,3 a 5 minutos en autoadministración; 6 minutos asistido.,Escala de respuesta estructurada psicométrica,abierto,Sí,SI,Eje II/UCLA-R,UCLA-R_ficha_tecnica.pdf,UCLA-R_protocolo.pdf,Cuestionario de autoinforme · 20 ítems · Likert de 4 puntos · Unidimensional
djgls_75,DJGLS,Escala de Soledad de De Jong Gierveld,_De Jong Gierveld Loneliness Scale (DJGLS)_,Dras. Jenny de Jong Gierveld y Frans Kamphuis (1985); Jenny de Jong Gierveld & Theo van Tilburg (2006).,"José Buz y Gerardo Prieto (2013, 2014), Universidad de Salamanca, España.",Eje II,2,Procesos psicológicos y mantenimiento,Soledad y aislamiento social,Apoyo social y familia,,red de apoyo; funcionamiento familiar; dinámica de pareja,Autoinforme,Autoinforme dimensional o entrevista estructurada de 11 reactivos (o 6) con respuesta en 3 niveles.,Monitoreo de proceso / Evolución,Adultos (especialmente mayores),adultos; mayores,3 a 5 minutos (forma completa); 2 minutos (forma breve DJGLS-6).,Escala de respuesta estructurada psicométrica,abierto,Sí,SI,Eje II/DJGLS,DJGLS_ficha_tecnica.pdf,DJGLS_protocolo.pdf,"Cuestionario de autoinforme / · 11 ítems · Escala ordinal de 3 puntos, · 2 dimensiones · 5 min · Individual"
neo-pi-r_76,NEO-PI-R,Inventario de Personalidad NEO Revisado,"Revised NEO Personality Inventory (NEO-PI-R; Costa & McCrae, 1992).","Paul T. Costa, Jr., Ph.D. y Robert R. McCrae, Ph.D. (National Institute on Aging, NIH, EE.UU.).","Cordero, Pamos y Seisdedos (1999); Hogrefe TEA Ediciones (Madrid, España).",Eje III,3,"Personalidad, identidad y valores","Rasgos de Personalidad (Neuroticismo, Extraversión, Apertura, Amabilidad, Responsabilidad)",Rasgos de personalidad,,personalidad; rasgos de personalidad; trastorno de personalidad; personalidad antisocial; personalidad borderline,Autoinforme,Autoinforme de 240 ítems graduados en escala Likert de 5 alternativas (0 = Total desacuerdo a 4 = Total acuerdo).,Diagnóstico y severidad,Adultos,adultos,35 a 50 minutos de respuesta pausada y supervisada.,Escala de respuesta estructurada psicométrica,comercial,No (Licencia comercial),NO,Eje III/NEO-PI-R,NEO-PI-R_ficha_tecnica.pdf,,Cuestionario de autoinforme · 240 ítems · Likert de 5 puntos · 5 dimensiones
bfi-2_77,BFI-2,Inventario de los Cinco Grandes 2,"Big Five Inventory-2 (BFI-2; Soto & John, 2017).",Dr. Christopher J. Soto (Colby College) y Dr. Oliver P. John (UC Berkeley).,"David Gallardo-Pujol, Luís Oceja, Anna Cortijos-Bernabeu y Víctor Rouco (2022).",Eje III,3,"Personalidad, identidad y valores","Rasgos de Personalidad (Neuroticismo, Extraversión, Apertura, Amabilidad, Responsabilidad)",Rasgos de personalidad,,personalidad; rasgos de personalidad; trastorno de personalidad; personalidad antisocial; personalidad borderline,Autoinforme,Cuestionario de autoinforme de 60 reactivos balanceados con escala Likert de 5 puntos (1 a 5).,Diagnóstico y severidad,Adolescentes y adultos,adolescentes; adultos,8 a 12 minutos en autoadministración.,Escala de respuesta estructurada psicométrica,abierto,Sí,SI,Eje III/BFI-2,BFI-2_ficha_tecnica.pdf,BFI-2_protocolo.pdf,Autoinforme · 60 ítems · Likert de 5 puntos · Papel y lápiz o digital
hexaco-pi-r_78,HEXACO-PI-R,Inventario de Personalidad HEXACO Revisado,"The HEXACO-60 Personality Inventory (Lee & Ashton, 2009, 2018).","Dr. Kibeom Lee (Univ. de Calgary) y Dr. Michael C. Ashton (Brock University, Canadá).","Traducción oficial de Ashton & Lee; Romero et al. (2015), España.",Eje III,3,"Personalidad, identidad y valores","Rasgos de Personalidad (Neuroticismo, Extraversión, Apertura, Amabilidad, Responsabilidad)",Rasgos de personalidad,,personalidad; rasgos de personalidad; trastorno de personalidad; personalidad antisocial; personalidad borderline,Autoinforme,Autoinforme de 60 reactivos balanceados con escala Likert de 5 puntos (1 a 5).,Diagnóstico y severidad,Adultos y universitarios,adultos,8 a 12 minutos en autoadministración.,Escala de respuesta estructurada psicométrica,abierto,Sí (para uso no comercial e investigación),SI,Eje III/HEXACO-PI-R,HEXACO-PI-R_ficha_tecnica.pdf,HEXACO-PI-R_protocolo.pdf,Cuestionario de autoinforme y · 60 ítems · Likert de 5 puntos · 6 dimensiones
tci-r_79,TCI-R,Inventario de Temperamento y Carácter Revisado,"Temperament and Character Inventory-Revised (TCI-R; Cloninger, 1999).","Dr. C. Robert Cloninger, M.D. (Washington University School of Medicine in St. Louis, EE.UU.).","Gutiérrez-Zotes et al. (2004); Bayón et al. (TEA Ediciones, Madrid, España).",Eje III,3,"Personalidad, identidad y valores","Rasgos de Personalidad (Neuroticismo, Extraversión, Apertura, Amabilidad, Responsabilidad)",Rasgos de personalidad,,personalidad; rasgos de personalidad; trastorno de personalidad; personalidad antisocial; personalidad borderline,Autoinforme,Autoinforme de 240 ítems Likert de 5 puntos (1 a 5) + 5 ítems de control de consistencia.,Diagnóstico y severidad,Adultos,adultos,35 a 50 minutos de autoadministración supervisada.,Escala de respuesta estructurada psicométrica,academico,Uso bajo licencia/permiso,NO,Eje III/TCI-R,TCI-R_ficha_tecnica.pdf,,Cuestionario de autoinforme · 240 ítems · Likert de 5 puntos · 4 dimensiones
pid-5_80,PID-5,Inventario de Personalidad para el DSM-5,"The Personality Inventory for DSM-5 (PID-5; Krueger et al., 2012).","Dr. Robert F. Krueger, Patrick K. Derringer, David Watson y Andrew E. Skodol (APA).","Versión oficial española de la APA; Gutiérrez et al. (2017), España.",Eje III,3,"Personalidad, identidad y valores","Rasgos Patológicos de Personalidad (Afectividad Negativa, Desapego, Antagonismo, Desinhibición, Psicoticismo)",Personalidad patológica,,TLP; narcisismo; psicopatía; tríada oscura; desapego,Autoinforme,Autoinforme de 220 reactivos con escala Likert de 4 puntos (0 a 3).,Diagnóstico y severidad,Adultos (existe versión PID-5-IRF para adolescentes),adolescentes; adultos,25 a 40 minutos en autoadministración.,Escala de respuesta estructurada psicométrica,abierto,Sí (Disponible por la APA para uso clínico e investigación),SI,Eje III/PID-5,PID-5_ficha_tecnica.pdf,PID-5_protocolo.pdf,Cuestionario de autoinforme y · 220 ítems · Likert de 4 puntos · 5 dimensiones
sd3_81,SD3,La Tríada Oscura Corta,"Short Dark Triad (SD3; Jones & Paulhus, 2014).",Dr. Daniel N. Jones y Dr. Delroy L. Paulhus (Universidad de Columbia Británica).,"Pineda et al. (2020); García et al. (2020), Universidad Complutense de Madrid.",Eje III,3,"Personalidad, identidad y valores",Personalidad Oscura y Luminosa (Tríadas y Tétradas),Personalidad patológica,,TLP; narcisismo; psicopatía; tríada oscura; desapego,Autoinforme,Autoinforme de 27 reactivos con escala Likert de 5 puntos (1 a 5; 9 reactivos por rasgo).,Diagnóstico y severidad,Adultos,adultos,5 a 8 minutos en autoadministración.,Escala de respuesta estructurada psicométrica,abierto,Sí,SI,Eje III/SD3,SD3_ficha_tecnica.pdf,SD3_protocolo.pdf,Cuestionario de autoinforme · 27 ítems · Likert de 5 puntos · 3 dimensiones
sd4_82,SD4,La Tétrada Oscura Corta,"Short Dark Tetrad (SD4; Paulhus, Buckels, Trapnell & Jones, 2021).","Dr. Delroy L. Paulhus, Dra. Erin E. Buckels, Dr. Paul D. Trapnell y Dr. Daniel N. Jones.","Ortet-Walker et al. (2024), *Psicothema*, Universidad Jaume I de Castellón, España.",Eje III,3,"Personalidad, identidad y valores",Personalidad Oscura y Luminosa (Tríadas y Tétradas),Personalidad patológica,,TLP; narcisismo; psicopatía; tríada oscura; desapego,Autoinforme,Autoinforme de 28 reactivos directos con escala Likert de 5 puntos (1 a 5; 7 reactivos por rasgo).,Diagnóstico y severidad,Adultos,adultos,5 a 8 minutos en autoadministración.,Escala de respuesta estructurada psicométrica,abierto,Sí,SI,Eje III/SD4,SD4_ficha_tecnica.pdf,SD4_protocolo.pdf,Cuestionario de autoinforme · 28 ítems · Likert de 5 puntos · 4 dimensiones
lts_83,LTS,Escala de la Tríada Luminosa,"Light Triad Scale (LTS-12; Kaufman, Yaden, Hyde & Tsukayama, 2019).","Dr. Scott Barry Kaufman, Dr. David B. Yaden, Elizabeth Hyde y Dr. Eli Tsukayama.",Stavemann et al. (2021); adaptaciones validadas en España y Latinoamérica.,Eje III,3,"Personalidad, identidad y valores",Personalidad Oscura y Luminosa (Tríadas y Tétradas),Personalidad patológica,,TLP; narcisismo; psicopatía; tríada oscura; desapego,Autoinforme,Autoinforme de 12 reactivos con escala Likert de 5 puntos (1 a 5; 4 reactivos por factor).,Diagnóstico y severidad,Adultos,adultos,3 a 5 minutos en autoadministración.,Escala de respuesta estructurada psicométrica,abierto,Sí,SI,Eje III/LTS,LTS_ficha_tecnica.pdf,LTS_protocolo.pdf,"Autoinforme · 12 ítems · Likert de 6 puntos · 5 min · Papel y lápiz o digital, autoa"
rses_84,RSES,Escala de Autoestima de Rosenberg,"Rosenberg Self-Esteem Scale (RSES; Rosenberg, 1965).","Dr. Morris Rosenberg (Universidad de Princeton / Universidad de Maryland, EE. UU.).","Atienza et al. (2000), Univ. de Valencia; Martín-Albo et al. (2007); Vázquez et al. (2004).",Eje III,3,"Personalidad, identidad y valores",Autoestima,Autoestima y autoconcepto,,valía personal; autoeficacia; autoimagen,Autoinforme,Autoinforme unidimensional de 10 reactivos con escala Likert de 4 puntos (1 a 4).,Diagnóstico y severidad,Adolescentes y adultos,adolescentes; adultos,2 a 4 minutos en autoadministración.,Escala de respuesta estructurada psicométrica,abierto,Sí,SI,Eje III/RSES,RSES_ficha_tecnica.pdf,RSES_protocolo.pdf,Cuestionario de autoinforme · 10 ítems · Likert de 4 puntos · Unidimensional
af-5_85,AF-5,Autoconcepto Forma 5,"Autoconcepto Forma 5 (AF-5; García & Musitu, 1999, 2014).",Dr. Fernando García (Univ. de Valencia) y Dr. Gonzalo Musitu (Univ. Pablo de Olavide).,Adaptación y baremación en población hispanohablante,Eje III,3,"Personalidad, identidad y valores",Autoconcepto,Autoestima y autoconcepto,,valía personal; autoeficacia; autoimagen,Autoinforme,Cuestionario de autoinforme de 30 reactivos con escala centesimal continua de 1 a 99 (o 1 a 5).,Diagnóstico y severidad,"Niños, adolescentes y adultos",niños; adolescentes; adultos,10 a 15 minutos en autoadministración.,Escala de respuesta estructurada psicométrica,comercial,No (TEA Ediciones),NO,Eje III/AF-5,AF-5_ficha_tecnica.pdf,,Cuestionario de autoinforme · 30 ítems · Escala de 1 a 99. En algunas · 5 dimensiones
gse_86,GSE,Escala de Autoeficacia General,"General Self-Efficacy Scale (GSE; Schwarzer & Jerusalem, 1995).",Dr. Ralf Schwarzer y Dr. Matthias Jerusalem (Universidad Libre de Berlín).,"Baessler y Schwarzer (1996); Sanjuán, Pérez y Bermúdez (2000), UNED, España.",Eje III,3,"Personalidad, identidad y valores",Autoeficacia,Autoestima y autoconcepto,,valía personal; autoeficacia; autoimagen,Autoinforme,Autoinforme unidimensional de 10 reactivos con escala Likert de 4 puntos (1 a 4).,Diagnóstico y severidad,Adolescentes y adultos,adolescentes; adultos,2 a 4 minutos en autoadministración.,Escala de respuesta estructurada psicométrica,abierto,Sí,SI,Eje III/GSE,GSE_ficha_tecnica.pdf,GSE_protocolo.pdf,Cuestionario de autoinforme · 10 ítems · Likert de 4 puntos · Unidimensional
sccs_87,SCCS,Escala de Claridad del Autoconcepto,"Self-Concept Clarity Scale (SCCS; Campbell et al., 1996).","Dra. Jennifer D. Campbell y colaboradores (Univ. de Columbia Británica, Canadá).","Calderón-Garrido et al. (2018); Fuentes et al., adaptaciones validadas en España.",Eje III,3,"Personalidad, identidad y valores",Claridad del self,Identidad y valores,,identidad personal; valores morales; autoconcepto; autoestima; identidad social; identidad de género; valores éticos,Autoinforme,Autoinforme unidimensional de 12 reactivos con escala Likert de 5 puntos (1 a 5).,Diagnóstico y severidad,Adultos,adultos,3 a 5 minutos en autoadministración.,Escala de respuesta estructurada psicométrica,abierto,Sí,NO,Eje III/SCCS,SCCS_ficha_tecnica.pdf,,Cuestionario de autoinforme · 12 ítems · Likert de 5 puntos · Unidimensional
eom-eis-2_88,EOM-EIS-2,Medida Objetiva Extendida del Estatus de Identidad del Ego,"Extended Objective Measure of Ego Identity Status-2 (EOM-EIS-2; Bennion & Adams, 1986).","Layne C. Bennion, Ph.D. y Gerald R. Adams, Ph.D. (Utah State University / Univ. of Guelph).",Rodríguez-Fernández et al. (2011); Pastor et al.; España y Latinoamérica.,Eje III,3,"Personalidad, identidad y valores",Identidad personal,Identidad y valores,,identidad personal; valores morales; autoconcepto; autoestima; identidad social; identidad de género; valores éticos,Autoinforme,Autoinforme de 64 reactivos balanceados con escala Likert de 6 puntos (1 a 6).,Diagnóstico y severidad,Adolescentes y adultos jóvenes,adolescentes; adultos,15 a 20 minutos de autoadministración individual o grupal.,Escala de respuesta estructurada psicométrica,abierto,Sí,NO,Eje III/EOM-EIS-2,EOM-EIS-2_ficha_tecnica.pdf,,Cuestionario de autoinforme · 64 ítems · Likert de 6 puntos · 2 dimensiones
pvq_89,PVQ,Cuestionario de Valores de Retrato,"Portrait Values Questionnaire (PVQ-21 / ESS; Schwartz et al., 2001, 2003).",Dr. Shalom H. Schwartz (Universidad Hebrea de Jerusalén).,Versión oficial española de la Encuesta Social Europea (ESS) y adaptaciones validadas.,Eje III,3,"Personalidad, identidad y valores",Valores personales,Identidad y valores,,identidad personal; valores morales; autoconcepto; autoestima; identidad social; identidad de género; valores éticos,Autoinforme,Autoinforme de viñetas descriptivas de 21 reactivos con escala de similitud de 6 puntos (1 a 6).,Diagnóstico y severidad,Adolescentes y adultos,adolescentes; adultos,6 a 10 minutos en autoadministración.,Escala de respuesta estructurada psicométrica,abierto,Sí (Para investigación),SI,Eje III/PVQ,PVQ_ficha_tecnica.pdf,PVQ_protocolo.pdf,Cuestionario de autoinforme · 40 ítems · Likert de 6 puntos · 10 valores universales básicos
mlq_90,MLQ,Cuestionario de Significado de la Vida,"Meaning in Life Questionnaire (MLQ; Steger et al., 2006).","Dr. Michael F. Steger, Dra. Patricia Frazier, Dr. Shigehiro Oishi y Dr. Matthew Kaler.","García-Alandete et al. (2011), Univ. Católica de Valencia; Gómez-Baya et al. (2017), España.",Eje III,3,"Personalidad, identidad y valores",Sentido de vida y Propósito vital,Bienestar y satisfacción vital,,florecimiento; felicidad; satisfacción vital; afecto positivo,Autoinforme,Autoinforme bidimensional de 10 reactivos con escala Likert de 7 puntos (1 a 7).,Diagnóstico y severidad,Adultos,adultos,3 a 5 minutos en autoadministración.,Escala de respuesta estructurada psicométrica,abierto,Sí,SI,Eje III/MLQ,MLQ_ficha_tecnica.pdf,MLQ_protocolo.pdf,Cuestionario de autoinforme · 10 ítems · Likert de 7 puntos · 2 dimensiones
imi_91,IMI,Inventario de Motivación Intrínseca,"Intrinsic Motivation Inventory (IMI; Ryan, 1982; McAuley et al., 1989).",Dr. Richard M. Ryan y Dr. Edward L. Deci (Universidad de Rochester).,"Balaguer et al. (2008), Universidad de Valencia; Pereira et al. (2015), España.",Eje III,3,"Personalidad, identidad y valores",Motivación y Orientación a metas,Identidad y valores,,identidad personal; valores morales; autoconcepto; autoestima; identidad social; identidad de género; valores éticos,Autoinforme,Autoinforme situacional de 22 reactivos con escala Likert de 7 puntos (1 a 7).,Diagnóstico y severidad,Todas las edades,niños; adolescentes; adultos; mayores,5 a 8 minutos en autoadministración.,Escala de respuesta estructurada psicométrica,abierto,Sí,SI,Eje III/IMI,IMI_ficha_tecnica.pdf,IMI_protocolo.pdf,Cuestionario de autoinforme · 45 ítems · Likert de 7 puntos · Habitualmente 5 o 6
agq-r_92,AGQ-R,Cuestionario de Metas de Logro Revisado,"Achievement Goal Questionnaire-Revised (AGQ-R; Elliot & Murayama, 2008).",Dr. Andrew J. Elliot y Dr. Kou Murayama (Universidad de Rochester).,Martínez-Monteagudo et al. (2018); adaptaciones validadas en España y Latinoamérica.,Eje III,3,"Personalidad, identidad y valores",Motivación y Orientación a metas,Identidad y valores,,identidad personal; valores morales; autoconcepto; autoestima; identidad social; identidad de género; valores éticos,Autoinforme,Autoinforme dimensional de 12 reactivos con escala Likert de 5 puntos (1 a 5).,Diagnóstico y severidad,,adolescentes; adultos; mayores,3 a 5 minutos en autoadministración.,Escala de respuesta estructurada psicométrica,abierto,Sí,SI,Eje III/AGQ-R,AGQ-R_ficha_tecnica.pdf,AGQ-R_protocolo.pdf,Cuestionario de autoinforme · 12 ítems · Likert de 5 puntos · 4 metas
aceq_93,ACEQ,Cuestionario de Experiencias Adversas en la Infancia,_Adverse Childhood Experiences Questionnaire (ACE-Q) — Adult Version_,"Dr. Vincent J. Felitti (Kaiser Permanente) y Dr. Robert F. Anda (CDC, EE. UU.), 1998.",Adaptación y baremación en población hispanohablante,Eje I,1,"Problemas, síntomas y riesgo",Trauma acumulado y Adversidad temprana,Trauma y estrés postraumático,,TEPT; trauma complejo; estrés agudo; disociación,Autoinforme,10 categorías de adversidad dicotómicas (SÍ / NO) organizadas en 3 dominios clínicos + 1 ítem de percepción de impacto en la salud.,Evaluación pericial forense / Riesgo,Adultos (retrospectivo),adultos,Aproximadamente 3 a 5 minutos (prueba de cribado ultrarrápida y no invasiva).,Escala de respuesta estructurada psicométrica,abierto,Sí (Dominio público / California Surgeon General),SI,Eje I/ACEQ,ACEQ_ficha_tecnica.pdf,ACEQ_protocolo.pdf,Cuestionario de autoinforme · Dicotómica (Sí/No) · 3 dimensiones · Entrevista/autoinforme asistid
ctq-sf_94,CTQ-SF,Cuestionario de Trauma Infantil - Versión Breve,"Cuestionario de Trauma Infantil - Versión Breve (Childhood Trauma Questionnaire - Short Form, CTQ-SF)","David P. Bernstein, Laura Fink, L. Handelsman, J. Foote et al. (1998, 2003)","Hernández, A., Gallardo-Pujol, D., Pereda, N., Arntz, A. et al. (2013, Child Abuse Negl)",Eje I,1,"Problemas, síntomas y riesgo",Trauma acumulado y Adversidad temprana,Trauma y estrés postraumático,,TEPT; trauma complejo; estrés agudo; disociación,Autoinforme,28 ítems puntuados en escala Likert de 5 puntos (1 = Nunca a 5 = Siempre); 25 clínicos + 3 de minimización,Diagnóstico y severidad,Adolescentes y adultos,adolescentes; adultos,5 a 8 minutos (autoadministrado en entorno protegido y confidencial),Escala de respuesta estructurada psicométrica,comercial,No (NCS Pearson),NO,Eje I/CTQ-SF,CTQ-SF_ficha_tecnica.pdf,,Cuestionario de autoinforme · 28 ítems · Likert de 5 puntos · 5 dimensiones
meim_95,MEIM,Multigroup Ethnic Identity Measure (Medida Multigrupo de Identidad Étnica),"Multigroup Ethnic Identity Measure (MEIM; Phinney, 1992; Roberts et al., 1999).",Jean S. Phinney (1992; California State University),Smith (2002); Romero-García et al.; adaptaciones validadas en España y Latinoamérica.,Eje III,3,"Personalidad, identidad y valores",Identidad étnica (Exploración y Compromiso/Pertenencia),Identidad y valores,,identidad personal; valores morales; autoconcepto; autoestima; identidad social; identidad de género; valores éticos,Autoinforme,Autoinforme bidimensional de 12 reactivos con escala Likert de 4 puntos (1 a 4).,Diagnóstico y severidad,Adolescentes y jóvenes,adolescentes,3 a 5 minutos en autoadministración.,Escala de respuesta estructurada psicométrica,abierto,Sí,SI,Eje III/MEIM,MEIM_ficha_tecnica.pdf,MEIM_protocolo.pdf,"Autoinforme · 12 ítems · Según el archivo fuente · Papel y lápiz o digital, autoa"
via_96,VIA,Índice de Aculturación de Vancouver,"Vancouver Index of Acculturation (VIA; Ryder, Alden & Paulhus, 2000).","Andrew G. Ryder, Ph.D., Lynn E. Alden, Ph.D. y Delroy L. Paulhus, Ph.D. (UBC, Canadá).",Ozer (2015); Martínez et al. (2018); España y Latinoamérica.,Eje III,3,"Personalidad, identidad y valores",Identidad cultural y Aculturación,Identidad y valores,,identidad personal; valores morales; autoconcepto; autoestima; identidad social; identidad de género; valores éticos,Autoinforme,Autoinforme de 20 reactivos balanceados emparejados en escala Likert de 9 puntos (1 a 9).,Diagnóstico y severidad,Migrantes y minorías étnicas,adultos,5 a 8 minutos de autoadministración sencilla.,Escala de respuesta estructurada psicométrica,abierto,Sí,NO,Eje III/VIA,VIA_ficha_tecnica.pdf,,Cuestionario de autoinforme · 20 ítems · Likert de 9 puntos · 2 dimensiones
ismi_98,ISMI,Escala de Estigma Internalizado de la Enfermedad Mental,"Internalized Stigma of Mental Illness Scale (ISMI; Ritsher et al., 2003).","Dra. Jennifer K. Ritsher (Boyd), Paul G. Otilingam y Michael Grajales (UCSF, EE. UU.).","Bengochea-Seco et al. (2018), *Rev. Psiquiatr. Salud Ment.*; Martín-Pérez et al., España.",Eje III,3,"Personalidad, identidad y valores",Estigma y discriminación,Apoyo social y familia,,red de apoyo; funcionamiento familiar; dinámica de pareja,Autoinforme,Autoinforme multidimensional de 29 reactivos con escala Likert de 4 puntos (1 a 4).,Diagnóstico y severidad,Pacientes con trastornos psiquiátricos,adultos,8 a 12 minutos en autoadministración.,Escala de respuesta estructurada psicométrica,abierto,Sí,SI,Eje III/ISMI,ISMI_ficha_tecnica.pdf,ISMI_protocolo.pdf,Cuestionario de autoinforme · 29 ítems · Likert de 4 puntos · 5 dimensiones
eod_99,EOD,Escala de Experiencias de Discriminación,"Experiences of Discrimination Measure (EOD; Krieger et al., 2005).","Dra. Nancy Krieger y colaboradores (Harvard School of Public Health, EE. UU.).","Agudelo-Suárez et al. (2011), Universidad de Alicante; Borrell et al., España.",Eje III,3,"Personalidad, identidad y valores",Estigma y discriminación,Apoyo social y familia,,red de apoyo; funcionamiento familiar; dinámica de pareja,Autoinforme,Cuestionario de autoinforme de 9 dominios con gradación de frecuencia y módulo de afrontamiento.,Diagnóstico y severidad,Adultos y minorías,adultos,5 a 8 minutos en autoadministración.,Escala de respuesta estructurada psicométrica,abierto,Sí,SI,Eje III/EOD,EOD_ficha_tecnica.pdf,EOD_protocolo.pdf,Cuestionario de autoinforme · 9 ítems · Escala Likert de frecuencia · Unidimensional
whodas_2.0_100,WHODAS 2.0,Cuestionario para la Evaluación de Discapacidad de la OMS 2.0,"World Health Organization Disability Assessment Schedule 2.0 (Üstün et al., 2010).","Organización Mundial de la Salud (Grupo de Clasificación, Terminología y Estándares).",José Luis Vázquez-Barquero et al. (2006); CIBERSAM / Ministerio de Sanidad de España.,Eje IV,4,"Funcionamiento, adaptación y recursos","Funcionamiento general, Discapacidad y Actividades de la vida diaria",Funcionamiento y discapacidad,,funcionalidad; discapacidad intelectual; discapacidad física; discapacidad psíquica; adaptabilidad; autonomía,Autoinforme,Cuestionario estandarizado multidimensional (forma completa 36 ítems o breve 12 ítems).,Diagnóstico y severidad,Adultos (≥18 años),adultos,15 a 20 minutos (versión 36 ítems) o 5 minutos (versión 12 ítems).,Escala Likert de 5 puntos (1 = Ninguna dificultad a 5 = Extrema o no puede hacerlo).,abierto,Sí,SI,Eje IV/WHODAS 2.0,WHODAS 2.0_ficha_tecnica.pdf,WHODAS 2.0_protocolo.pdf,Cuestionario de autoinforme o · 36 ítems · Likert de 5 puntos · 6 dimensiones
indice_de_barth_101,BARTHEL,Índice de Barthel,"The Barthel Index (Mahoney & Barthel, 1965).","Florence I. Mahoney, M.D. y Dorothea W. Barthel, P.T. (Maryland State Health Department, EE.UU.).",Baztán et al. (1993); Cid-Ruzafa y Damián-Moreno (1997); España y Latinoamérica.,Eje IV,4,"Funcionamiento, adaptación y recursos","Funcionamiento general, Discapacidad y Actividades de la vida diaria",Funcionamiento y discapacidad,,funcionalidad; discapacidad intelectual; discapacidad física; discapacidad psíquica; adaptabilidad; autonomía,Observacional / Registro conductual,Heteroinforme de observación clínica / entrevista directa de 10 reactivos conductuales.,Diagnóstico y severidad,Pacientes geriátricos o con afectación neurológica,mayores,5 a 10 minutos de administración por profesional sanitario o cuidador formado.,Escala de respuesta estructurada psicométrica,abierto,Sí,SI,Eje IV/BARTHEL,BARTHEL_ficha_tecnica.pdf,BARTHEL_protocolo.pdf,Escala heteroadministrada o por · 10 ítems · Puntuaciones ponderadas por ítem · Unidimensional
escala_de_lawton_102,Escala de Lawton,Escala de Lawton y Brody,"Instrumental Activities of Daily Living Scale (IADL; Lawton & Brody, 1969).","M. Powell Lawton, Ph.D. y Elaine M. Brody, M.S.W. (Philadelphia Geriatric Center, EE.UU.).",Cid-Ruzafa y Damián-Moreno (1997); Pérez-Martínez et al. (2008); España y Latinoamérica.,Eje IV,4,"Funcionamiento, adaptación y recursos","Funcionamiento general, Discapacidad y Actividades de la vida diaria",Funcionamiento y discapacidad,,funcionalidad; discapacidad intelectual; discapacidad física; discapacidad psíquica; adaptabilidad; autonomía,Observacional / Registro conductual,Heteroinforme / juicio clínico de 8 ítems conductuales aplicado al paciente o cuidador.,Diagnóstico y severidad,Mayores y pacientes cognitivos,mayores,5 a 10 minutos de administración semiestructurada.,Escala de respuesta estructurada psicométrica,abierto,Sí,SI,Eje IV/Escala de Lawton,Escala de Lawton_ficha_tecnica.pdf,Escala de Lawton_protocolo.pdf,Cuestionario heteroadministrada o · 8 ítems · Escala tricotómica adaptado · Unidimensional
chte_103,CHTE,Cuestionario de Hábitos y Técnicas de Estudio,"Cuestionario de Hábitos y Técnicas de Estudio (Álvarez González & Fernández Valentín, 1990).","Manuel Álvarez González, Ph.D. y Rafael Fernández Valentín (Universidad de Barcelona / TEA).",Adaptación y baremación en población hispanohablante,Eje IV,4,"Funcionamiento, adaptación y recursos","Rendimiento académico, Hábitos de estudio y Adaptación escolar",Rendimiento académico,,rendimiento académico; desempeño académico; aptitud académica; rendimiento escolar; rendimiento cognitivo; rendimiento intelectual,Autoinforme,Autoinforme estructurado de 56 reactivos con respuesta dicotómica (Sí / No).,Diagnóstico y severidad,Estudiantes (Primaria a Secundaria),niños; adolescentes,15 a 25 minutos de autoadministración individual o colectiva en aula.,Escala de respuesta estructurada psicométrica,academico,No,NO,Eje IV/CHTE,CHTE_ficha_tecnica.pdf,,Cuestionario de autoinforme · 56 ítems · Dicotómica (Sí/No) · 7 dimensiones
basc-3_104,BASC-3,Sistema de Evaluación de la Conducta de Niños y Adolescentes (Subescalas de Adaptación),"Behavior Assessment System for Children, 3rd Edition (BASC-3; Reynolds & Kamphaus, 2015).","Cecil R. Reynolds, Ph.D. y Randy W. Kamphaus, Ph.D. (Pearson Assessment, EE.UU.).","González, Fernández-Pinto, Santamaría et al.; Pearson Clinical España / Hogrefe TEA.",Eje IV,4,"Funcionamiento, adaptación y recursos","Rendimiento académico, Hábitos de estudio y Adaptación escolar",Rendimiento académico,,rendimiento académico; desempeño académico; aptitud académica; rendimiento escolar; rendimiento cognitivo; rendimiento intelectual,Autoinforme,"Batería multimétodo y multifuente: Autoinforme (SRP), Padres (PRS) y Tutores/Profesores (TRS).",Diagnóstico y severidad,3 a 18 años,niños; adolescentes,15 a 25 minutos por cuestionario (aproximadamente 100 a 190 reactivos según forma).,Escala de respuesta estructurada psicométrica,comercial,No (Pearson),NO,Eje IV/BASC-3,BASC-3_ficha_tecnica.pdf,,Cuestionario multimétodo · Variable según versión · Likert de 4 puntos · Varias escalas adaptativas
mbi_105,MBI,Inventario de Burnout de Maslach,"Maslach Burnout Inventory (MBI; Maslach & Jackson, 1981, 1986, 1996).","Christina Maslach, Ph.D. y Susan E. Jackson, Ph.D. (Univ. of California, Berkeley / Rutgers).","Nicolás Seisdedos (TEA Ediciones, 1997); Gil-Monte y Peiró (1997, 1999); España y LatAm.",Eje IV,4,"Funcionamiento, adaptación y recursos","Desempeño laboral, Burnout, Engagement y Adaptación ocupacional",Desempeño laboral y burnout,,agotamiento laboral; engagement; estrés laboral,Autoinforme,Autoinforme de 22 reactivos balanceados con escala de frecuencia de 7 niveles (0 a 6).,Diagnóstico y severidad,Trabajadores,adultos,10 a 15 minutos en autoadministración individual o cribados laborales colectivos.,Escala de respuesta estructurada psicométrica,comercial,"No (Licencia Mind Garden), aunque a menudo usado libremente en investigación con versiones reducidas.",NO,Eje IV/MBI,MBI_ficha_tecnica.pdf,,Cuestionario de autoinforme · 22 ítems · Likert de 7 puntos · 3 dimensiones
uwes_106,UWES,Escala de Engagement en el Trabajo de Utrecht,"Utrecht Work Engagement Scale (UWES; Schaufeli & Bakker, 2003).","Wilmar B. Schaufeli, Ph.D. y Arnold B. Bakker, Ph.D. (Utrecht University).","Marisa Salanova, Isabel Llorens, Susana Peiró y Rosa Grau (2000); Univ. Jaume I, España.",Eje IV,4,"Funcionamiento, adaptación y recursos","Desempeño laboral, Burnout, Engagement y Adaptación ocupacional",Desempeño laboral y burnout,,agotamiento laboral; engagement; estrés laboral,Autoinforme,Cuestionario de autoinforme tridimensional (17 reactivos o forma breve de 9 reactivos).,Diagnóstico y severidad,Trabajadores,adultos,5 a 8 minutos (UWES-17) o 2 a 3 minutos (UWES-9).,Escala de frecuencia ordinal de 7 niveles (0 = Nunca a 6 = Siempre / Todos los días).,abierto,Sí,SI,Eje IV/UWES,UWES_ficha_tecnica.pdf,UWES_protocolo.pdf,Cuestionario de autoinforme · 17 ítems · Likert de 7 puntos · 3 dimensiones
mos-sss_107,MOS-SSS,Cuestionario de Apoyo Social del Medical Outcomes Study,"Medical Outcomes Study Social Support Survey (MOS-SSS; Sherbourne & Stewart, 1991).","Cathy Donald Sherbourne, Ph.D. y Anita L. Stewart, Ph.D. (RAND Corporation, EE.UU.).",De la Revilla et al. (1991); Rodríguez-Marín et al. (1993); Bellón et al. (1996); España.,Eje IV,4,"Funcionamiento, adaptación y recursos",Apoyo social y Funcionamiento familiar,Apoyo social y familia,,red de apoyo; funcionamiento familiar; dinámica de pareja,Autoinforme,Autoinforme de 19 reactivos graduados con escala Likert de 5 puntos (1 a 5) + 1 ítem de red social.,Diagnóstico y severidad,Adultos (frecuente en pacientes crónicos),adultos,5 a 8 minutos de autoadministración sencilla.,Escala de respuesta estructurada psicométrica,abierto,Sí,SI,Eje IV/MOS-SSS,MOS-SSS_ficha_tecnica.pdf,MOS-SSS_protocolo.pdf,Cuestionario de autoinforme · 19 ítems · Likert de 5 puntos · 4 dimensiones
faces-iv_108,FACES-IV,Escala de Cohesión y Adaptabilidad Familiar,"Family Adaptability and Cohesion Evaluation Scales IV (FACES-IV; Olson, 2011).","Dr. David H. Olson, Ph.D. (University of Minnesota / Life Innovations, EE.UU.).","Rivero, Martínez-Pampliega y Olson (2010); Martínez-Pampliega et al. (2017); España.",Eje IV,4,"Funcionamiento, adaptación y recursos",Apoyo social y Funcionamiento familiar,Apoyo social y familia,,red de apoyo; funcionamiento familiar; dinámica de pareja,Autoinforme,Autoinforme de 42 reactivos estructurados en 6 escalas con escala Likert de 5 puntos (1 a 5).,Diagnóstico y severidad,"Familias (padres, adolescentes)",adolescentes; adultos,15 a 20 minutos de autoadministración individual por miembros de la familia.,Escala de respuesta estructurada psicométrica,abierto,Sí/Restringido (Manuales disponibles por el autor).,NO,Eje IV/FACES-IV,FACES-IV_ficha_tecnica.pdf,,Cuestionario de autoinforme · 42 ítems · Likert de 5 puntos · 6 dimensiones
apgar_109,APGAR,APGAR Familiar,"Family APGAR Questionnaire (Smilkstein, 1978).","Dr. Gabriel Smilkstein, M.D. (Department of Family Medicine, University of Washington, EE.UU.).","Bellón, Delgado, Luna y Lardelli (1996); Granada, España (validación de referencia).",Eje IV,4,"Funcionamiento, adaptación y recursos",Apoyo social y Funcionamiento familiar,Apoyo social y familia,,red de apoyo; funcionamiento familiar; dinámica de pareja,Autoinforme,Autoinforme ultracorto de 5 ítems graduados en escala ordinal de 3 niveles (0 a 2 puntos).,Diagnóstico y severidad,"Familias, adultos y adolescentes",adolescentes; adultos,2 a 3 minutos en administración autoadministrada o heteroaplicada.,Escala de respuesta estructurada psicométrica,abierto,Sí,SI,Eje IV/APGAR,APGAR_ficha_tecnica.pdf,APGAR_protocolo.pdf,Cuestionario de autoinforme breve · 5 ítems · Likert de 3 puntos · Unidimensional
swls_110,SWLS,Escala de Satisfacción con la Vida,"Satisfaction With Life Scale (SWLS; Diener et al., 1985).","Ed Diener, Ph.D., Robert A. Emmons, Randy J. Larsen y Sharon Griffin (Univ. Illinois).","Atienza, Pons, Balaguer & García-Merita (2000, 2003); Cabañero et al. (2004); Vázquez et al. (2013).",Eje IV,4,"Funcionamiento, adaptación y recursos","Bienestar subjetivo, Bienestar psicológico y Florecimiento",Bienestar y satisfacción vital,,florecimiento; felicidad; satisfacción vital; afecto positivo,Autoinforme,Cuestionario de autoinforme unidimensional breve (5 reactivos).,Diagnóstico y severidad,Adultos y adolescentes,adolescentes; adultos,1 a 2 minutos de rápida autoadministración.,Escala Likert graduada de 7 niveles (1 = Muy en desacuerdo a 7 = Muy de acuerdo).,abierto,Sí,SI,Eje IV/SWLS,SWLS_ficha_tecnica.pdf,SWLS_protocolo.pdf,Cuestionario de autoinforme · 5 ítems · Likert de 7 puntos · Unidimensional
pwb_111,PWB,Escalas de Bienestar Psicológico,"Psychological Well-Being Scales (PWB; Ryff, 1989, 1995).",Carol D. Ryff (1989; University of Wisconsin-Madison),"Díaz, Rodríguez-Carvajal, Blanco et al. (2006, Psicothema); Van Dierendonck et al.; España.",Eje IV,4,"Funcionamiento, adaptación y recursos","Bienestar subjetivo, Bienestar psicológico y Florecimiento",Bienestar y satisfacción vital,,florecimiento; felicidad; satisfacción vital; afecto positivo,Autoinforme,Autoinforme de 29 reactivos (o 39) organizados en 6 dimensiones con escala Likert de 6 puntos (1 a 6).,Diagnóstico y severidad,Adultos,adultos,8 a 12 minutos de autoadministración guiada.,Escala de respuesta estructurada psicométrica,abierto,Sí,SI,Eje IV/PWB,PWB_ficha_tecnica.pdf,PWB_protocolo.pdf,Cuestionario de autoinforme · 29 ítems · Likert de 6 puntos · 6 dimensiones
fs_112,FS,Escala de Florecimiento,"Flourishing Scale (FS; Diener, Wirtz, Tov, Kim-Prieto, Choi, Oishi & Biswas-Diener, 2010).","Dr. Ed Diener, Ph.D. y colaboradores (University of Illinois / The Diener Institute, EE.UU.).","Checa, Perales y Espejo (2018); De la Fuente et al. (2017); España y Latinoamérica.",Eje IV,4,"Funcionamiento, adaptación y recursos","Bienestar subjetivo, Bienestar psicológico y Florecimiento",Bienestar y satisfacción vital,,florecimiento; felicidad; satisfacción vital; afecto positivo,Autoinforme,Autoinforme unidimensional ultracorto de 8 reactivos con escala Likert de 7 puntos (1 a 7).,Diagnóstico y severidad,Adultos,adultos,2 a 4 minutos en administración autoadministrada rápida.,Escala de respuesta estructurada psicométrica,abierto,Sí,SI,Eje IV/FS,FS_ficha_tecnica.pdf,FS_protocolo.pdf,Cuestionario de autoinforme · 8 ítems · Likert de 7 puntos · Unidimensional
sf-36_113,SF-36,Cuestionario de Salud SF-36,"Medical Outcomes Study 36-Item Short-Form Health Survey (Ware & Sherbourne, 1992).","John E. Ware Jr., Ph.D. y Cathy Donald Sherbourne, Ph.D. (RAND Corporation / MOS).","Jordi Alonso, Montserrat Prieto y Josep M. Antó (1995, 1998); IMIM Barcelona, España.",Eje IV,4,"Funcionamiento, adaptación y recursos",Calidad de vida,Calidad de vida,,Quality of life; QoL; Calidad de vida; Vida diaria; Bienestar; Salud mental; Salud física,Autoinforme,Cuestionario de autoinforme genérico con 36 reactivos politómicos graduados.,Monitoreo de proceso / Evolución,Adultos (general y pacientes médicos/psiquiátricos),adultos,8 a 12 minutos de cumplimentación autónoma o guiada.,Escalas Likert de formato variable (2 a 6 opciones de respuesta con anclajes verbales).,abierto,Sí: protocolo en español publicable (formulario difundido por SECOT) y RAND-36 en inglés de dominio público. SF-36v2® comercial no incluido.,SI,Eje IV/SF-36,SF-36_ficha_tecnica.pdf,SF-36_protocolo.pdf,"Cuestionario de autoinforme · 36 ítems · Opciones según ítem: 5, 3, 2 y 6. · 8 dimensiones · Autoadministrada. Instrucción"
whoqol-bref_114,WHOQOL-BREF,Cuestionario de Calidad de Vida de la OMS - Versión Breve,"World Health Organization Quality of Life - BREF (WHOQOL Group, 1998).",Organización Mundial de la Salud (Grupo WHOQOL / OMS Ginebra).,"Ramona Lucas-Carrasco (2001, 2011); Centro WHOQOL Barcelona / Universidad de Barcelona.",Eje IV,4,"Funcionamiento, adaptación y recursos",Calidad de vida,Calidad de vida,,Quality of life; QoL; Calidad de vida; Vida diaria; Bienestar; Salud mental; Salud física,Autoinforme,Cuestionario de autoinforme transcultural breve de 26 reactivos.,Monitoreo de proceso / Evolución,Adultos,adultos,8 a 12 minutos de cumplimentación autónoma.,Escala Likert de 5 puntos con descriptores semánticos adaptados a cada reactivo.,abierto,Sí (Disponible por OMS),SI,Eje IV/WHOQOL-BREF,WHOQOL-BREF_ficha_tecnica.pdf,WHOQOL-BREF_protocolo.pdf,Cuestionario de autoinforme · 26 ítems · Likert de 5 puntos · 4 dimensiones
cd-risc_115,CD-RISC,Escala de Resiliencia de Connor-Davidson,"Connor-Davidson Resilience Scale (CD-RISC; Connor & Davidson, 2003).","Kathryn M. Connor, M.D. y Jonathan R. T. Davidson, M.D. (Duke University Medical Center, EE.UU.).","Bobes et al. (2001, 2008); Notario-Pacheco et al. (2011); Crespo et al. (2014); España y LatAm.",Eje IV,4,"Funcionamiento, adaptación y recursos","Resiliencia, Afrontamiento y Fortalezas",Afrontamiento y resiliencia,,coping; resiliencia; tolerancia a la frustración; adaptación,Autoinforme,Autoinforme de 10 o 25 reactivos balanceados con escala Likert de 5 puntos (0 a 4).,Diagnóstico y severidad,Adultos y adolescentes,adolescentes; adultos,3 a 5 minutos (CD-RISC-10) o 8 a 10 minutos (CD-RISC-25).,Escala de respuesta estructurada psicométrica,comercial,"No (Licencia controlada por autores), aunque la versión de 10 ítems (CD-RISC 10) es muy accesible en investigación.",NO,Eje IV/CD-RISC,CD-RISC_ficha_tecnica.pdf,,Cuestionario de autoinforme · 25 ítems · Likert de 5 puntos · 5 dimensiones
lot-r_116,LOT-R,Test de Orientación Vital Revisado (Optimismo),"Life Orientation Test-Revised (LOT-R; Scheier, Carver & Bridges, 1994).","Dr. Michael F. Scheier, Dr. Charles S. Carver y Dr. Michael W. Bridges.","Ferrando et al. (2002), Univ. Rovira i Virgili; Otero et al. (1998); Remor et al. (2006).",Eje III,3,"Personalidad, identidad y valores","Resiliencia, Afrontamiento y Fortalezas",Afrontamiento y resiliencia,,coping; resiliencia; tolerancia a la frustración; adaptación,Autoinforme,Autoinforme breve de 10 reactivos (6 evaluativos y 4 distractores) con escala Likert de 5 puntos (0 a 4).,Diagnóstico y severidad,Adultos,adultos,2 a 3 minutos en autoadministración.,Escala de respuesta estructurada psicométrica,abierto,Sí,SI,Eje III/LOT-R,LOT-R_ficha_tecnica.pdf,LOT-R_protocolo.pdf,Cuestionario de autoinforme · 10 ítems · Likert de 5 puntos · 2 dimensiones
via-is_118,VIA-IS,Inventario VIA de Fortalezas Personales,"Values in Action Inventory of Strengths (VIA-IS; Peterson & Seligman, 2004).","Christopher Peterson, Ph.D. y Martin E. P. Seligman, Ph.D. (VIA Institute on Character).",Alejandro Castro Solano (2014); Ovejero et al. (2016); Littman-Ovadia et al. (2017).,Eje IV,4,"Funcionamiento, adaptación y recursos","Resiliencia, Afrontamiento y Fortalezas",Afrontamiento y resiliencia,,coping; resiliencia; tolerancia a la frustración; adaptación,Autoinforme,"Cuestionario de autoinforme multidimensional (240 reactivos, forma 120 o forma breve 72).",Diagnóstico y severidad,Adultos (existe versión VIA-Youth para jóvenes),adolescentes; adultos,25 a 35 minutos (versión 120 ítems) o 10 a 15 minutos (versión 72 ítems).,Escala Likert de 5 puntos (1 = Muy diferente a mí a 5 = Muy parecido a mí).,abierto,Sí (Online vía VIA Institute on Character),NO,Eje IV/VIA-IS,VIA-IS_ficha_tecnica.pdf,,Cuestionario de autoinforme · 240 ítems · Likert de 5 puntos · 24 fortalezas de carácter
mmse_119,MMSE,Mini-Examen del Estado Cognitivo,"Mini-Mental State Examination (MMSE; Folstein, Folstein & McHugh, 1975).","Marshal F. Folstein, M.D., Susan E. Folstein, M.D. y Paul R. McHugh, M.D. (Johns Hopkins).",Blesa et al. (2001; Proyecto NORMACODEM); Vilalta-Franch et al. (1996); Manubens et al.,Eje V,5,Funcionamiento cognitivo y neuropsicología,Cribado Cognitivo Global (Estado Mental),Cribado cognitivo y demencias,,Cognitive screening; Cribado cognitivo; Demencia; Alzheimer; Enfermedad de Alzheimer; Deterioro cognitivo; Evaluación cognitiva; Prueba cognitiva,Heteroaplicado / Entrevista clínica,Prueba breve de cribado heteroaplicada individual mediante interacción directa.,Cribado / Triaje rápido,Adultos y adultos mayores,adultos; mayores,8 a 10 minutos de rápida administración clínica.,11 tareas clínicas agrupadas en 7 dominios cognitivos (puntuación máxima 30 puntos).,comercial,"No (Copyright vigente de PAR Inc.), aunque históricamente usado de forma muy extendida en la práctica clínica.",SI,Eje V/MMSE,MMSE_ficha_tecnica.pdf,MMSE_protocolo.pdf,Prueba de cribado neuropsicológico · 11 ítems · Tareas verbales y de ejecución · 5 áreas cognitivas
moca_120,MoCA,Evaluación Cognitiva de Montreal,"Montreal Cognitive Assessment (MoCA; Nasreddine et al., 2005).","Ziad S. Nasreddine, M.D., Natalie Phillips, Ph.D. y V. Bédirian (McGill University).",Lozano et al. (2009); Delgado et al. (2017); Pereira-Manrique & Peña-Casanova (2018).,Eje V,5,Funcionamiento cognitivo y neuropsicología,Cribado Cognitivo Global (Estado Mental),Cribado cognitivo y demencias,,Cognitive screening; Cribado cognitivo; Demencia; Alzheimer; Enfermedad de Alzheimer; Deterioro cognitivo; Evaluación cognitiva; Prueba cognitiva,Rendimiento neurocognitivo / Tarea de ejecución,Prueba breve de cribado cognitivo heteroaplicada de ejecución multidimensional.,Cribado / Triaje rápido,Adultos y adultos mayores,adultos; mayores,10 a 12 minutos de administración ágil y dinámica.,"8 dominios cognitivos que exploran funciones ejecutivas, memoria, lenguaje y atención (30 pts).",academico,"Semilibre (Uso comercial/oficial requiere certificación y pago en la actualidad, pero existen versiones de investigación).",SI,Eje V/MoCA,MoCA_ficha_tecnica.pdf,MoCA_protocolo.pdf,Prueba de cribado neuropsicológico · Múltiples microtareas que totalizan 30 puntos · Tareas verbales y de ejecución · 7 áreas
d2-r_121,d2-R,Test de Atención d2-R,"Aufmerksamkeits-Belastungs-Test d2-R (Brickenkamp, Schmidt-Atzert & Liepmann, 2010).","Rolf Brickenkamp, Ph.D., Lothar Schmidt-Atzert, Ph.D. y Detlev Liepmann, Ph.D.","TEA Ediciones / Hogrefe (2012, 2015; baremos en España en $> 3000$ sujetos).",Eje V,5,Funcionamiento cognitivo y neuropsicología,"Atención (Sostenida, Selectiva, Dividida y Vigilancia)",Atención y concentración,,atención sostenida; vigilancia; atención dividida; concentración,Rendimiento neurocognitivo / Tarea de ejecución,Prueba psicométrica de cancelación y discriminación visual heteroaplicada (individual o colectiva).,Diagnóstico y severidad,8 a 80 años,niños; adolescentes; adultos; mayores,"Aproximadamente 8 minutos (20 segundos cronometrados por línea, 14 líneas consecutivas).",14 líneas con 47 caracteres visuales cada una (total 658 elementos; letras d y p con rayas).,comercial,No (Licencia comercial),NO,Eje V/d2-R,d2-R_ficha_tecnica.pdf,,"Prueba de ejecución · 14 líneas con 47 caracteres cada una · Cancelación visual de estímulos · Atención selectiva, Velocidad"
tmt_122,TMT,Test del Trazo (Trail Making Test),"Trail Making Test (TMT; Reitan, 1955, 1958; Part of Army Individual Test Battery, 1944).","Ralph M. Reitan, Ph.D. (Batería Neuropsicológica Halstead-Reitan).","Proyecto NEURONORMA (Peña-Casanova et al., 2009; TEA Ediciones); Tombaugh (2004).",Eje V,5,Funcionamiento cognitivo y neuropsicología,"Atención (Sostenida, Selectiva, Dividida y Vigilancia)",Atención y concentración,,atención sostenida; vigilancia; atención dividida; concentración,Rendimiento neurocognitivo / Tarea de ejecución,Prueba neuropsicológica de lápiz y papel heteroaplicada e individual.,Diagnóstico y severidad,"Niños, adultos y mayores",niños; adultos; mayores,5 a 10 minutos (incluye láminas breves de entrenamiento previo para cada parte).,Escala de respuesta estructurada psicométrica,abierto,"Sí (Dominio público para uso clínico y de investigación, los baremos sí pueden ser comerciales)",SI,Eje V/TMT,TMT_ficha_tecnica.pdf,TMT_protocolo.pdf,Prueba neuropsicológica · 2 láminas · Tarea de unión de puntos · Parte A; Parte B
tavec_123,TAVEC,Test de Aprendizaje Verbal de España-Complutense,"TAVEC (Benedet & Alejandre, 1998; adaptación formal del CVLT de Delis et al., 1987).","María Jesús Benedet, Ph.D. y María Ángeles Alejandre (Universidad Complutense de Madrid).","TEA Ediciones (1998); Proyecto NEURONORMA (Peña-Casanova et al., 2009; baremos en España).",Eje V,5,Funcionamiento cognitivo y neuropsicología,"Memoria (Trabajo, Episódica, Semántica, Visual, Aprendizaje)",Memoria y aprendizaje,,memoria de trabajo; memoria episódica; metamemoria; olvidos,Rendimiento neurocognitivo / Tarea de ejecución,Prueba neuropsicológica estandarizada de ejecución verbal heteroaplicada individual.,Diagnóstico y severidad,Adolescentes y adultos,adolescentes; adultos,30 a 35 min de aplicación activa (más 20 minutos de intervalo demorado libre).,Escala de respuesta estructurada psicométrica,comercial,No (Comercializado),NO,Eje V/TAVEC,TAVEC_ficha_tecnica.pdf,,"Prueba neuropsicológica · Listas de 16 palabras categorizadas · Recuerdo libre y reconocimiento · Aprendizaje verbal, Memoria"
figura_de_rey_124,Figura de Rey,Test de Copia de una Figura Compleja,"Rey Complex Figure Test and Recognition Trial (RCFT; Rey, 1941; Osterrieth, 1944).",André Rey (1941; diseño de Figuras A y B); Paul-Alexandre Osterrieth (1944; baremación y 18 unidades).,"NEURONORMA (Peña-Casanova, 2009); Estandarización infantil TEA Ediciones (Buisán, 2003/2024).",Eje V,5,Funcionamiento cognitivo y neuropsicología,"Memoria (Trabajo, Episódica, Semántica, Visual, Aprendizaje)",Memoria y aprendizaje,,memoria de trabajo; memoria episódica; metamemoria; olvidos,Rendimiento neurocognitivo / Tarea de ejecución,Cuestionario psicométrico de evaluación clínica,Diagnóstico y severidad,Niños (figura B) y adultos (figura A),niños; adultos,Copia: 5-15 min; Recuerdo Inm./Dem.: 3-5 min c/u; Duración total de la sesión: 35-45 minutos.,Escala de respuesta estructurada psicométrica,abierto,Sí (Lámina y criterios de dominio público académico),SI,Eje V/Figura de Rey,Figura de Rey_ficha_tecnica.pdf,Figura de Rey_protocolo.pdf,Prueba neuropsicológica de · 18 elementos estructurales en un solo dibujo complejo · Dibujo a mano alzada · Percepción visuoespacial y
wcst_125,WCST,Test de Clasificación de Tarjetas de Wisconsin,"Wisconsin Card Sorting Test (WCST; Grant & Berg, 1948; Heaton et al., 1993).","David A. Grant y Esta A. Berg (1948); Robert K. Heaton, Ph.D. y colaboradores (1993).","TEA Ediciones (Heaton et al., 1997, 2009); Proyecto NEURONORMA (Peña-Casanova et al., 2009).",Eje V,5,Funcionamiento cognitivo y neuropsicología,Funciones Ejecutivas,Funciones ejecutivas,,control de la atención; planificación; organización; memoria de trabajo; resolución de problemas; inhibición; flexibilidad cognitiva,Rendimiento neurocognitivo / Tarea de ejecución,Prueba neuropsicológica estandarizada de ejecución directa (manual o informatizada).,Diagnóstico y severidad,6 a 89 años,niños; adolescentes; adultos; mayores,20 a 30 minutos según la velocidad de resolución y perseveración del evaluado.,Escala de respuesta estructurada psicométrica,comercial,No (Licencia comercial),NO,Eje V/WCST,WCST_ficha_tecnica.pdf,,"Prueba neuropsicológica · 64 o 128 cartas · Emparejamiento de cartas según un · Flexibilidad cognitiva,"
stroop_test_126,Stroop Test,Test de Colores y Palabras,"_Stroop Color and Word Test (SCWT)_ (Stroop, 1935).",John Ridley Stroop (1935); Charles J. Golden (1978; TEA Ediciones),Adaptación y baremación en población hispanohablante,Eje V,5,Funcionamiento cognitivo y neuropsicología,Funciones Ejecutivas,Funciones ejecutivas,,control de la atención; planificación; organización; memoria de trabajo; resolución de problemas; inhibición; flexibilidad cognitiva,Rendimiento neurocognitivo / Tarea de ejecución,Prueba neuropsicológica de rendimiento de ejecución con emisión verbal directa en tiempo límite.,Diagnóstico y severidad,Niños y adultos,niños; adultos,Aproximadamente 5 minutos (exactamente 45 segundos cronometrados por cada una de las 3 láminas).,Escala de respuesta estructurada psicométrica,abierto,Sí (Dominio público científico Stroop 1935 / Golden 1978),SI,Eje V/Stroop Test,Stroop Test_ficha_tecnica.pdf,Stroop Test_protocolo.pdf,"Prueba neuropsicológica · 100 ítems · Lectura o denominación en voz alta · Inhibición cognitiva,"
igt_127,IGT,Iowa Gambling Task,"Iowa Gambling Task (IGT; Bechara, Damasio, Damasio & Anderson, 1994; Bechara, 2007).","Antoine Bechara, M.D., Ph.D., Antonio R. Damasio, M.D., Ph.D., Hanna Damasio y Steven Anderson.","Bechara (PAR Inc., 2007; versión estandarizada en español); Verdejo-García et al. (2006, 2007).",Eje V,5,Funcionamiento cognitivo y neuropsicología,Funciones Ejecutivas,Funciones ejecutivas,,control de la atención; planificación; organización; memoria de trabajo; resolución de problemas; inhibición; flexibilidad cognitiva,Rendimiento neurocognitivo / Tarea de ejecución,Paradigma neuropsicológico experimental y clínico de ejecución conductual directa.,Diagnóstico y severidad,Adultos,adultos,15 a 20 minutos en formato informatizado estandarizado (o manual con barajas).,Escala de respuesta estructurada psicométrica,abierto,Sí (Software disponible gratuitamente en algunas plataformas académicas como PEBL).,SI,Eje V/IGT,IGT_ficha_tecnica.pdf,IGT_protocolo.pdf,Tarea · 100 elecciones de cartas · Tarea conductual donde el sujeto · Toma de decisiones bajo
brief-2_128,BRIEF-2,Evaluación Conductual de la Función Ejecutiva,"Behavior Rating Inventory of Executive Function, Second Edition (BRIEF-2; Gioia et al., 2015).","Gerard A. Gioia, Ph.D., Peter K. Isquith, Ph.D., Steven C. Guy, Ph.D. y Lauren Kenworthy, Ph.D.","Maldonado, Peña-Casanova, et al. (TEA Ediciones, 2017); estandarización en España y LatAm.",Eje V,5,Funcionamiento cognitivo y neuropsicología,Funciones Ejecutivas,Funciones ejecutivas,,control de la atención; planificación; organización; memoria de trabajo; resolución de problemas; inhibición; flexibilidad cognitiva,Rendimiento neurocognitivo / Tarea de ejecución,"Batería de cuestionarios estandarizados multimétodo (Familia, Escuela y Autoinforme).",Diagnóstico y severidad,5 a 18 años (versión adulto disponible: BRIEF-A),niños; adolescentes; adultos,10 a 15 minutos por cuestionario; corrección informatizada o manual por plantilla.,63 ítems en cuestionarios de Familia y Escuela; 55 ítems en versión de Autoinforme.,comercial,No (Licencia comercial),NO,Eje V/BRIEF-2,BRIEF-2_ficha_tecnica.pdf,,Cuestionario de autoinforme y · 63 ítems · Likert de 3 puntos · 3 índices que forman un
ifs_129,IFS,INECO Frontal Screening,"INECO Frontal Screening (IFS; Torralva et al., 2009).","Teresa Torralva, María Roca, Ezequiel Gleichgerrcht y Facundo Manes (Fundación INECO).",Adaptación y baremación en población hispanohablante,Eje V,5,Funcionamiento cognitivo y neuropsicología,Funciones Ejecutivas,Funciones ejecutivas,,control de la atención; planificación; organización; memoria de trabajo; resolución de problemas; inhibición; flexibilidad cognitiva,Rendimiento neurocognitivo / Tarea de ejecución,Batería breve de cribado ejecutivo de cabecera de ejecución directa heteroaplicada.,Cribado / Triaje rápido,Adultos y adultos mayores,adultos; mayores,10 a 12 minutos de administración ágil en el examen neurológico o neuropsicológico.,8 subpruebas neuropsicológicas agrupadas en 3 índices centrales (puntuación máxima 30 pts).,abierto,Sí (Disponible en literatura científica),SI,Eje V/IFS,IFS_ficha_tecnica.pdf,IFS_protocolo.pdf,"Prueba de cribado ejecutivo breve · 8 subtests breves · Tareas conductuales cronometradas · Memoria de trabajo,"
bnt_130,BNT,Test de Denominación de Boston,"Boston Naming Test (BNT; Kaplan, Goodglass & Weintraub, 1983, 2001).","Edith Kaplan, Ph.D., Harold Goodglass, Ph.D. y Sandra Weintraub, Ph.D. (Boston Univ.).",Jordi Peña-Casanova et al. (2009; Proyecto NEURONORMA); Allegri et al. (2012).,Eje V,5,Funcionamiento cognitivo y neuropsicología,"Comprensión, Expresión y Fluidez Verbal",Lenguaje y comunicación verbal,,fluidez verbal; denominación; afasia; expresión verbal,Rendimiento neurocognitivo / Tarea de ejecución,Prueba neuropsicológica de ejecución máxima individual con láminas de estímulo.,Diagnóstico y severidad,"Niños, adultos y mayores",niños; adultos; mayores,10 a 20 minutos (forma completa) o 5 minutos (formas abreviadas).,60 láminas de dibujos lineales ordenadas por frecuencia léxica (formas breves 30 y 15).,comercial,"No (Comercial, usualmente incluido en la Evaluación de Afasia de Boston).",NO,Eje V/BNT,BNT_ficha_tecnica.pdf,,"Prueba neuropsicológica verbal · 60 ítems · Denominación de dibujos ordenados · Expresión verbal, Acceso"
tfv_131,TFV,Test de Fluidez Verbal (FAS y Animales),"Verbal Fluency Tests (COWAT / FAS de Benton, 1968; Animal Naming de Isaacs, 1973).","Arthur L. Benton, Ph.D. (Fonológica) y Bernard Isaacs, M.D. (Semántica / Set Test).","Proyecto NEURONORMA (Peña-Casanova et al., 2009; TEA Ediciones); Artiola i Fortuny (1999).",Eje V,5,Funcionamiento cognitivo y neuropsicología,"Comprensión, Expresión y Fluidez Verbal",Lenguaje y comunicación verbal,,fluidez verbal; denominación; afasia; expresión verbal,Rendimiento neurocognitivo / Tarea de ejecución,Prueba neuropsicológica de evocación oral cronometrada de administración heteroaplicada.,Diagnóstico y severidad,Todas las edades,niños; adolescentes; adultos; mayores,5 a 6 minutos de aplicación interactiva ágil con cronómetro en mano.,Escala de respuesta estructurada psicométrica,abierto,"Sí (La tarea es de dominio público, sujeta a disponibilidad de baremos locales).",SI,Eje V/TFV,TFV_ficha_tecnica.pdf,TFV_protocolo.pdf,Prueba neuropsicológica · 3 ensayos de 1 minuto para letras y 1 ensayo de 1 minuto para categoría · Generación de palabras · Fluidez fonológica y Fluidez
rmet_132,RMET,Test de Leer la Mente en los Ojos,"Reading the Mind in the Eyes Test - Revised (RMET; Baron-Cohen et al., 2001).","Simon Baron-Cohen, Sally Wheelwright, Jacqueline Hill, Yogini Raste e Ian Plumb.",Fernández-Abascal et al. (2013; baremos en España); Román et al. (2012); Serrano et al. (2011).,Eje V,5,Funcionamiento cognitivo y neuropsicología,Cognición Social e Interocepción,Cognición social,,Social cognition; Cognición social; Procesamiento social; Interacción social; Comunicación social; Atención social,Heteroaplicado / Entrevista clínica,Prueba neuropsicológica heteroaplicada de discriminación visual y juicio emocional.,Diagnóstico y severidad,Adultos y adolescentes (existe versión infantil),niños; adolescentes; adultos,10 a 15 minutos; incluye un glosario con definiciones breves de cada estado mental.,36 fotografías en blanco y negro de miradas con cuatro opciones de respuesta verbal.,abierto,Sí (Disponible por el Autism Research Centre),NO,Eje V/RMET,RMET_ficha_tecnica.pdf,,Prueba de · 36 ítems · Reconocimiento de estados mentales · Unidimensional
maia_133,MAIA,Evaluación Multidimensional de la Conciencia Interoceptiva,_Multidimensional Assessment of Interoceptive Awareness (MAIA-2)_,"Drs. Wolf E. Mehling et al. (2012, 2018), University of California, San Francisco (UCSF).",Leidy Johana Vivas Rivas et al.; Valenzuela-Moguillansky et al. (2017).,Eje II,2,Procesos psicológicos y mantenimiento,Cognición Social e Interocepción,Cognición social,,Social cognition; Cognición social; Procesamiento social; Interacción social; Comunicación social; Atención social,Autoinforme,Autoinforme dimensional de 37 reactivos con escala Likert de 6 puntos (0 a 5).,Monitoreo de proceso / Evolución,Adultos,adultos,6 a 10 minutos en autoadministración; 12 minutos asistido.,Escala de respuesta estructurada psicométrica,abierto,Sí,SI,Eje II/MAIA,MAIA_ficha_tecnica.pdf,MAIA_protocolo.pdf,Cuestionario de autoinforme · 32 ítems · Likert de 6 puntos · 8 dimensiones
faux_pas_test_134,Faux Pas Test,Test de Meteduras de Pata,"Faux Pas Recognition Test (Baron-Cohen, O'Riordan, Stone, Jones & Plaisted, 1999).","Simon Baron-Cohen, Ph.D., Michelle O'Riordan, Vicki Stone, et al. (Cambridge University).",Mercadante et al. (2008); García-Molina et al. (2014); Gómez-Pérez et al. (2018).,Eje V,5,Funcionamiento cognitivo y neuropsicología,Cognición Social e Interocepción,Cognición social,,Social cognition; Cognición social; Procesamiento social; Interacción social; Comunicación social; Atención social,Heteroaplicado / Entrevista clínica,Prueba neuropsicológica de juicio social heteroaplicada basada en viñetas clínicas.,Diagnóstico y severidad,Niños (versión infantil) y adultos,niños; adultos,15 a 20 minutos de lectura compartida y preguntas de comprensión estructuradas.,Escala de respuesta estructurada psicométrica,abierto,Sí,NO,Eje V/Faux Pas Test,Faux Pas Test_ficha_tecnica.pdf,,Prueba neuropsicológica · 20 historias breves · Comprensión de textos y respuesta · Teoría de la Mente cognitiva
psqi_135,PSQI,Índice de Calidad de Sueño de Pittsburgh,"Índice de Calidad de Sueño de Pittsburgh (Pittsburgh Sleep Quality Index, PSQI)","Daniel J. Buysse, Charles F. Reynolds, Timothy H. Monk et al. (Univ. of Pittsburgh, 1989)","Royuela & Macías (1997, Mapfre Med); Jiménez-Genchi et al. (2008, Salud Ment México)",Eje VI,6,Salud física y estilo de vida,Sueño y ritmos circadianos,Sueño y ritmos circadianos,,sueño; ritmos circadianos; horquillas; desajuste circadiano; insomnio; somnolencia diurna,Autoinforme,19 ítems autoinformados agrupados en 7 componentes (más 5 ítems complementarios de cama),Diagnóstico y severidad,"Adultos, adultos mayores y adolescentes",adolescentes; adultos; mayores,5 a 10 minutos (autoinforme estructurado con preguntas abiertas y cerradas),Escala de respuesta estructurada psicométrica,abierto,Sí (Licencia abierta para uso clínico y de investigación no comercial),SI,Eje VI/PSQI,PSQI_ficha_tecnica.pdf,PSQI_protocolo.pdf,Cuestionario de autoinforme · 19 ítems · Likert de 4 puntos · 7 dimensiones · 10 min
isi_136,ISI,Índice de Gravedad del Insomnio,"Índice de Severidad del Insomnio (Insomnia Severity Index, ISI)","Charles M. Morin (Université Laval, Québec, Canadá, 1993; Bastien et al., 2001)","Fernández-Mendoza et al. (2012, Odisea/Sleep Med); Sierra et al. (2008, Rev Mex Psicol)",Eje VI,6,Salud física y estilo de vida,Sueño y ritmos circadianos,Sueño y ritmos circadianos,,sueño; ritmos circadianos; horquillas; desajuste circadiano; insomnio; somnolencia diurna,Autoinforme,"7 ítems evaluados en escala Likert de 5 opciones (0 = ninguno/nada, 4 = muy severo/mucho)",Cribado / Triaje rápido,Adultos y adultos mayores,adultos; mayores,3 a 5 minutos (autoadministrado),Escala de respuesta estructurada psicométrica,abierto,Sí (Uso clínico habitual),SI,Eje VI/ISI,ISI_ficha_tecnica.pdf,ISI_protocolo.pdf,Cuestionario de autoinforme · 7 · Likert de 5 puntos · Unidimensional · 5 min
ess_137,ESS,Escala de Somnolencia de Epworth,"Escala de Somnolencia de Epworth (Epworth Sleepiness Scale, ESS)","Murray W. Johns (Sleep Disorders Unit, Epworth Hospital, Melbourne, Australia, 1991)","Chiner et al. (1999, Arch Bronconeumol); Izquierdo-Vicente et al. (2004, Med Clin)",Eje VI,6,Salud física y estilo de vida,Sueño y ritmos circadianos,Sueño y ritmos circadianos,,sueño; ritmos circadianos; horquillas; desajuste circadiano; insomnio; somnolencia diurna,Autoinforme,"8 ítems puntuados en escala ordinal tipo Likert de 4 puntos (0 = nunca, 3 = alta probabilidad)",Cribado / Triaje rápido,Adultos,adultos,2 a 4 minutos (autoadministrada o heteroadministrada en consulta),Escala de respuesta estructurada psicométrica,abierto,Sí,SI,Eje VI/ESS,ESS_ficha_tecnica.pdf,ESS_protocolo.pdf,Cuestionario de autoinforme · 8 · Likert de 4 puntos · Unidimensional · 5 min
bpi_138,BPI,Inventario Breve de Dolor,"Inventario Breve de Dolor - Forma Corta (Brief Pain Inventory - Short Form, BPI-SF)","Charles S. Cleeland (Department of Symptom Research, MD Anderson Cancer Center, 1991, 1994)","Badia, Muriel, Gracia et al. (2003, Med Clin / Aten Primaria)",Eje VI,6,Salud física y estilo de vida,"Dolor, fatiga y síntomas somáticos",Dolor y síntomas somáticos,,somatización; fatiga crónica; fibromialgia; dolor crónico,Autoinforme,"Mapa corporal anatómico, 4 ítems de intensidad (0-10) y 7 ítems de interferencia funcional (0-10)",Diagnóstico y severidad,Adultos con dolor clínico o crónico,adultos,5 a 8 minutos (autoadministrado o mediante entrevista clínica asistida),Escala de respuesta estructurada psicométrica,comercial,"No (Licencia administrada por la Universidad de Texas MD Anderson Cancer Center, pero gratuita para uso clínico e investigación sin financiamiento comercial).",NO,Eje VI/BPI,BPI_ficha_tecnica.pdf,,Cuestionario de autoinforme · 15 ítems · Escalas Numéricas de 0 a 10 y · 2 dimensiones · 10 min
pcs_139,PCS,Escala de Catastrofización del Dolor,"Escala de Catastrofización ante el Dolor (Pain Catastrophizing Scale, PCS)","Michael J. L. Sullivan, Scott R. Bishop & Joyce Pivik (McGill University, Canadá, 1995)","Javier García-Campayo et al. (2008, Med Clin); Olmedilla et al. (2013)",Eje VI,6,Salud física y estilo de vida,"Dolor, fatiga y síntomas somáticos",Dolor y síntomas somáticos,,somatización; fatiga crónica; fibromialgia; dolor crónico,Autoinforme,"13 ítems puntuados en escala tipo Likert de 5 puntos (0 = nada en absoluto, 4 = todo el tiempo)",Diagnóstico y severidad,Adultos (población clínica y sana),adultos,3 a 5 minutos (autoadministrado),Escala de respuesta estructurada psicométrica,abierto,Sí,NO,Eje VI/PCS,PCS_ficha_tecnica.pdf,,Cuestionario de autoinforme · 13 · Likert de 5 puntos · 3 dimensiones · 5-10 min
fss_140,FSS,Escala de Gravedad de la Fatiga,"Escala de Severidad de la Fatiga (Fatigue Severity Scale, FSS)","Lauren B. Krupp, Nicholas G. LaRocca, J. Muir-Nash, A. D. Steinberg (1989)","Duarte, Velasco, Sánchez-Sosa et al. (2019, Educ Med); Bulbena et al. (2000)",Eje VI,6,Salud física y estilo de vida,"Dolor, fatiga y síntomas somáticos",Dolor y síntomas somáticos,,somatización; fatiga crónica; fibromialgia; dolor crónico,Autoinforme,"9 ítems calificados en una escala ordinal tipo Likert de 7 puntos (1 = desacuerdo, 7 = acuerdo total)",Diagnóstico y severidad,"Adultos con condiciones médicas (EM, Lupus, fibromialgia, etc.)",adultos,2 a 4 minutos (autoadministrado),Escala de respuesta estructurada psicométrica,abierto,"Sí — Duarte et al. (2019), Educación Médica, acceso abierto CC BY-NC-ND.",SI,Eje VI/FSS,FSS_ficha_tecnica.pdf,FSS_protocolo.pdf,Cuestionario de autoinforme · 9 ítems · Likert de 7 puntos · Unidimensional · 5 min
ipaq_141,IPAQ,Cuestionario Internacional de Actividad Física,Cuestionario Internacional de Actividad Física - Formato Corto de 7 Días (IPAQ-SF),"Consorcio Internacional IPAQ (Michael L. Booth, Cora L. Craig, Adrian Bauman et al., 2003)","Versión oficial autorizada del Comité IPAQ (2003); Román Viñas et al. (2013, Gac Sanit)",Eje VI,6,Salud física y estilo de vida,Conductas de salud,Alfabetización y conductas de salud,,adherencia terapéutica; conductas de salud; autocuidado,Autoinforme,"7 ítems cuantitativos: días/semana y minutos/día de actividad vigorosa, moderada, caminata y sedestación",Diagnóstico y severidad,Adolescentes y adultos (15-69 años),adolescentes; adultos,3 a 5 minutos (autoadministrado o mediante entrevista clínica),Escala de respuesta estructurada psicométrica,abierto,Sí,SI,Eje VI/IPAQ,IPAQ_ficha_tecnica.pdf,IPAQ_protocolo.pdf,"Cuestionario de autoinforme · 7 · Preguntas abiertas sobre días por · Actividad vigorosa, moderada,"
mgl_o_mmas-4_142,MGL o MMAS-4,Cuestionario de Adherencia a la Medicación de Morisky-Green-Levine,Test de Morisky-Green-Levine para la Valoración de la Adherencia Farmacológica (MMAS-4),"Donald E. Morisky, Lawrence W. Green & David M. Levine (Johns Hopkins / UCLA, 1986)","Val Jiménez, Amorós, Martínez et al. (1992, Aten Primaria); Rodríguez-Chamorro et al. (2008)",Eje VI,6,Salud física y estilo de vida,Conductas de salud,Alfabetización y conductas de salud,,adherencia terapéutica; conductas de salud; autocuidado,Autoinforme,4 preguntas dicotómicas (Sí / No) de rápida formulación en la anamnesis habitual,Diagnóstico y severidad,Adultos con patología crónica,adultos,1 a 2 minutos (administrado por médico o personal de enfermería / farmacéutico),Escala de respuesta estructurada psicométrica,abierto,Sí (La versión original de 4 ítems; la de 8 ítems requiere licencia).,NO,Eje VI/MGL o MMAS-4,MGL o MMAS-4_ficha_tecnica.pdf,,Cuestionario de autoinforme · 4 · Dicotómica (Sí/No) · Unidimensional · 1-2 min
bipq_143,BIPQ,Cuestionario Breve de Percepción de Enfermedad (incluye IPQ-R como versión anidada),"Cuestionario Breve de Percepción de la Enfermedad (Brief Illness Perception Questionnaire, BIPQ)","Elizabeth Broadbent, Keith J. Petrie, Jodie Main & John Weinman (Univ. of Auckland, 2006)","Pacheco-Huergo, Viladrich, Pujol-Ribera et al. (2012, Aten Primaria)",Eje VI,6,Salud física y estilo de vida,Enfermedad médica y afrontamiento,Afrontamiento y resiliencia,,coping; resiliencia; tolerancia a la frustración; adaptación,Autoinforme,8 ítems numéricos continuos (0 a 10) y 1 ítem cualitativo abierto sobre las 3 causas atribuidas,Diagnóstico y severidad,Pacientes con enfermedades agudas o crónicas,adultos; mayores,3 a 5 minutos (autoadministrado o en entrevista clínica asistida),Escala de respuesta estructurada psicométrica,abierto,Sí,SI,Eje VI/BIPQ,BIPQ_ficha_tecnica.pdf,BIPQ_protocolo.pdf,Cuestionario de autoinforme · 9 ítems · Escala de 0 a 10 para ítems 1 al · 8 dimensiones · 5-10 min
mac_144,MAC,Escala de Ajuste Mental al Cáncer,"Escala de Ajuste Mental al Cáncer (Mental Adjustment to Cancer Scale, MAC / Mini-MAC)","Maggie Watson, Steven Greer et al. (The Royal Marsden NHS Foundation Trust, UK, 1988, 1994)","Ferrero, Toledo & Barreto (1995, Psiquis / Anales de Psicol); Anarte et al. (2001)",Eje VI,6,Salud física y estilo de vida,Enfermedad médica y afrontamiento,Afrontamiento y resiliencia,,coping; resiliencia; tolerancia a la frustración; adaptación,Autoinforme,Ítems evaluados en escala Likert de 4 puntos (1 = Definitivamente no se aplica a mí; 4 = Definitivamente sí),Diagnóstico y severidad,Pacientes oncológicos (y adaptaciones para otras enfermedades crónicas),adultos; mayores,8 a 12 minutos (versión 40 ítems) o 5 a 7 minutos (Mini-MAC de 29 ítems),Escala de respuesta estructurada psicométrica,comercial,"No (Bajo copyright de los autores originales, uso clínico restringido).",NO,Eje VI/MAC,MAC_ficha_tecnica.pdf,,Cuestionario de autoinforme · 40 · Likert de 4 puntos · 5 dimensiones
hls-eu-q16_145,HLS-EU-Q16,Cuestionario Europeo de Alfabetización en Salud - Versión Corta,Cuestionario Europeo de Alfabetización en Salud - Forma Corta de 16 Ítems (HLS-EU-Q16),"Consorcio HLS-EU (Kristine Sørensen, Univ. de Maastricht; Jürgen M. Pelikan, Viena, 2013)","Andreu Nolasco, C. Barona, N. Tamayo-Fonseca et al. (2020, Gaceta Sanitaria)",Eje VI,6,Salud física y estilo de vida,Alfabetización en salud y relación con el sistema,Alfabetización y conductas de salud,,adherencia terapéutica; conductas de salud; autocuidado,Autoinforme,"16 ítems evaluados en escala de facilidad de 4 opciones, dicotomizados a 0 o 1 para el cómputo final",Diagnóstico y severidad,Adultos (Población general y clínica),adultos,4 a 6 minutos (autoadministrado o mediante entrevista personal o telefónica),Escala de respuesta estructurada psicométrica,abierto,Sí,SI,Eje VI/HLS-EU-Q16,HLS-EU-Q16_ficha_tecnica.pdf,HLS-EU-Q16_protocolo.pdf,16 ítems · Escala de 4 opciones: 1 = Muy
sahlsa-50_146,SAHLSA-50,Evaluación Breve de Alfabetización en Salud para Adultos de Habla Hispana,Evaluación Breve de Alfabetización en Salud para Adultos de Habla Hispana (SAHLSA-50),"Shoou-Yih Daniel Lee, Deborah E. Bender, Rosa E. Ruiz & Young Ik Cho (2006)",Adaptación y baremación en población hispanohablante,Eje VI,6,Salud física y estilo de vida,Alfabetización en salud y relación con el sistema,Alfabetización y conductas de salud,,adherencia terapéutica; conductas de salud; autocuidado,Autoinforme,"50 términos médicos presentados con una palabra clave, una opción correcta de asociación y un distractor",Diagnóstico y severidad,Adultos hispanohablantes,adultos,3 a 6 minutos (heteroadministrado mediante prueba estructurada con tarjetas o láminas),Escala de respuesta estructurada psicométrica,abierto,Sí,SI,Eje VI/SAHLSA-50,SAHLSA-50_ficha_tecnica.pdf,SAHLSA-50_protocolo.pdf,Prueba de ejecución · 50 · Opción múltiple · Reconocimiento de lectura y · 6 min · Individual mediante entrevista
dex-sp_new1,DEX-Sp,Cuestionario Disejecutivo (versión española),"Dysexecutive Questionnaire (DEX, subprueba de la batería BADS; Wilson et al., 1996).","Barbara A. Wilson, Nick Alderman, Paul W. Burgess, Hazel Emslie y Jonathan J. Evans.","Javier Pedrero-Pérez, J. M. Ruiz-Sánchez de León, et al. (Madrid Salud / Proyecto Hombre, 2009, 2011).",Eje V,5,Funcionamiento cognitivo y neuropsicología,Síntomas disejecutivos conductuales,Funciones ejecutivas,,control de la atención; planificación; organización; memoria de trabajo; resolución de problemas; inhibición; flexibilidad cognitiva,Rendimiento neurocognitivo / Tarea de ejecución,Cuestionario de autoinforme ecológico (con versión complementaria para informantes).,Diagnóstico y severidad,Adultos,adultos,5 a 8 minutos de cumplimentación autónoma o guiada por examinador.,20 ítems puntuados en escala tipo Likert de 5 puntos (0 a 4; rango 0 a 80 puntos).,abierto,Sí (uso académico/investigación),SI,Eje V/DEX-Sp,DEX-Sp_ficha_tecnica.pdf,DEX-Sp_protocolo.pdf,Autoinforme · 20 ítems · Likert de 5 puntos · Papel y lápiz
efeco_new1,EFECO,Escala EFECO para Valorar Funciones Ejecutivas,"Escala EFECO (García-Gómez & Pérez-Sánchez, 2014; Ramos-Galarza et al., 2017).","Jesús Carlos García-Gómez, Ph.D. y Rocío Pérez-Sánchez, Ph.D. (Universidad de Huelva / Ecuador).","García-Gómez et al. (2014, 2017); adaptaciones validadas en España, Ecuador, Colombia y México.",Eje V,5,Funcionamiento cognitivo y neuropsicología,Funciones ejecutivas cotidianas (autoinforme),Funciones ejecutivas,,control de la atención; planificación; organización; memoria de trabajo; resolución de problemas; inhibición; flexibilidad cognitiva,Rendimiento neurocognitivo / Tarea de ejecución,Cuestionario de auto-reporte conductual para adolescentes y adultos en ámbitos cotidianos.,Diagnóstico y severidad,Adultos hispanohablantes,adultos,12 a 15 minutos en versión completa; 6 a 8 minutos en versión abreviada.,67 reactivos en versión completa (versión reducida validada de 34 reactivos); escala Likert 1 a 4.,abierto,Sí,SI,Eje V/EFECO,EFECO_ficha_tecnica.pdf,EFECO_protocolo.pdf,Autoinforme · 67 ítems · Likert de 5 puntos · Papel y lápiz o formato digita
mfe_new1,MFE,Cuestionario de Fallos de Memoria de la Vida Cotidiana,"Memory Failures of Everyday (MFE; Sunderland, Watts, Baddeley & Harris, 1984).","Gillian E. Sunderland, D. E. Broadbent, Alan D. Baddeley y J. E. Harris (MRC Applied Psych. Unit).","Manuel Montejo, Mercedes Montenegro, et al. (Unidad de Memoria, Madrid Salud, 2001, 2012).",Eje V,5,Funcionamiento cognitivo y neuropsicología,Fallos de memoria cotidiana (metamemoria),Memoria y aprendizaje,,memoria de trabajo; memoria episódica; metamemoria; olvidos,Rendimiento neurocognitivo / Tarea de ejecución,Cuestionario de autoinforme estructurado para adultos y personas mayores.,Diagnóstico y severidad,Adultos,adultos,8 a 10 minutos de cumplimentación autónoma o guiada por examinador.,30 reactivos en escala Likert de 3 opciones (0 a 2; rango 0 a 60 puntos).,abierto,Sí,SI,Eje V/MFE,MFE_ficha_tecnica.pdf,MFE_protocolo.pdf,Autoinforme; también puede ser · 28 ítems · Likert de 3 puntos · Papel y lápiz
cfq_new1,CFQ-Fallos,Cognitive Failures Questionnaire (Cuestionario de Fallos Cognitivos),"Cognitive Failures Questionnaire (CFQ; Broadbent, Cooper, FitzGerald & Parkes, 1982).","Donald E. Broadbent, Sc.D., FRS, Peter F. Cooper, P. FitzGerald y K. R. Parkes (Oxford University).",García-Martínez et al. (2008); Carrillo-Mora et al. (2013); validación en España y México.,Eje V,5,Funcionamiento cognitivo y neuropsicología,Fallos cognitivos cotidianos,Memoria y aprendizaje,,memoria de trabajo; memoria episódica; metamemoria; olvidos,Autoinforme,Cuestionario de autoinforme estructurado sobre fallos en tareas rutinarias cotidianas.,Diagnóstico y severidad,Adultos,adultos,6 a 10 minutos de cumplimentación autónoma presencial o telemática.,25 ítems puntuados en escala Likert de 5 opciones (0 a 4; rango 0 a 100 puntos).,abierto,Sí,SI,Eje V/CFQ-Fallos,CFQ-Fallos_ficha_tecnica.pdf,CFQ-Fallos_protocolo.pdf,Autoinforme · 25 ítems · Escala de 5 puntos · Papel y lápiz
prsexdq_new1,PRSexDQ-SALSEX,Cuestionario de Disfunción Sexual Secundaria al Tratamiento con Psicofármacos,"Psychotropic-Related Sexual Dysfunction Questionnaire (PRSexDQ-SALSEX; Montejo et al., 2000).","Ángel L. Montejo, M.D., Ph.D., G. Llorca, J. A. Izquierdo y F. Rico-Villademoros (Consorcio Español).",Adaptación y baremación en población hispanohablante,Eje VI,6,Salud física y estilo de vida,Salud sexual (disfunción inducida por fármacos),Salud sexual,,salud sexual; sexualidad; salud reproductiva; sexualidad humana; salud sexual y reproductiva; salud sexual integral,Heteroaplicado / Entrevista clínica,Entrevista clínica estructurada heteroaplicada breve (o autoinforme supervisado).,Diagnóstico y severidad,Adultos en tratamiento psicofarmacológico,adultos,3 a 5 minutos de administración dinámica e integrada en la entrevista médica.,"5 reactivos que evalúan deseo, retraso del clímax, anorgasmia, erección/lubricación y tolerancia.",abierto,Sí,SI,Eje VI/PRSexDQ-SALSEX,PRSexDQ-SALSEX_ficha_tecnica.pdf,PRSexDQ-SALSEX_protocolo.pdf,Mixto: preguntas dirigidas al · 7 ítems · Likert de 4 puntos · 10 min · Entrevista clínica estructurad
sisses_new1,SIS/SES-SF,Sexual Inhibition/Sexual Excitation Scales — Short Form,"Sexual Inhibition / Sexual Excitation Scales - Short Form (SIS/SES-SF; Carpenter et al., 2008).","Erick Janssen, Ph.D., John Bancroft, M.D. (Kinsey Institute) y K. A. Carpenter (2008).","Moyano, Granados & Sierra (2014); Sierra et al. (2017; validación en España en $> 1000$ sujetos).",Eje VI,6,Salud física y estilo de vida,Salud sexual (propensión a inhibición/excitación),Salud sexual,,salud sexual; sexualidad; salud reproductiva; sexualidad humana; salud sexual y reproductiva; salud sexual integral,Autoinforme,Cuestionario de autoinforme estructurado aplicable a hombres y mujeres.,Diagnóstico y severidad,Adultos,adultos,5 a 7 minutos de cumplimentación autónoma presencial o telemática.,14 reactivos en escala tipo Likert de 4 opciones (1 a 4 puntos) agrupados en tres factores.,abierto,Sí,SI,Eje VI/SIS-SES-SF,SIS/SES-SF_ficha_tecnica.pdf,SIS/SES-SF_protocolo.pdf,Autoinforme · 14 · Likert de 4 puntos · Papel y lápiz o formato electr
meqsa_new1,MEQ-SA,Cuestionario de Matutinidad-Vespertinidad de Horne y Östberg (versión española),"Cuestionario de Matutinidad-Vespertinidad Autoadministrado (Morningness-Eveningness Questionnaire, MEQ-SA)","J. A. Horne & O. Östberg (Department of Human Sciences, Loughborough University, UK, 1976)","Mª Ángeles Rol de Lama et al. (Univ. de Murcia) a partir de CET (Terman et al., 2008); Adan & Almirall (1991)",Eje VI,6,Salud física y estilo de vida,Cronotipo/ritmo circadiano,Sueño y ritmos circadianos,,sueño; ritmos circadianos; horquillas; desajuste circadiano; insomnio; somnolencia diurna,Rendimiento neurocognitivo / Tarea de ejecución,19 ítems (preguntas con rangos horarios precisos y escalas Likert de esfuerzo y rendimiento diurno),Diagnóstico y severidad,Adultos,adultos,8 a 12 minutos (autoadministrado),Escala de respuesta estructurada psicométrica,abierto,Sí (uso no comercial),SI,Eje VI/MEQ-SA,MEQ-SA_ficha_tecnica.pdf,MEQ-SA_protocolo.pdf,Autoinforme · 19 · Opción múltiple · 10 min · Papel y lápiz
stopbang_new1,STOP-Bang,Cuestionario STOP-Bang,Cuestionario STOP-Bang para el Cribado del Síndrome de Apnea-Hipopnea Obstructiva del Sueño,"Frances Chung et al. (Department of Anesthesiology, University Health Network, Univ. of Toronto, 2008)","Versión oficial autorizada por UHN; validada en España (Chung et al., Br J Anaesth 2012)",Eje VI,6,Salud física y estilo de vida,Riesgo de apnea del sueño,Sueño y ritmos circadianos,,sueño; ritmos circadianos; horquillas; desajuste circadiano; insomnio; somnolencia diurna,Autoinforme,8 ítems dicotómicos (Sí / No): 4 síntomas subjetivos (STOP) y 4 factores antropométricos/médicos (BANG),Cribado / Triaje rápido,Adultos,adultos,1 a 2 minutos (autoadministrado o administrado por personal sanitario),Escala de respuesta estructurada psicométrica,abierto,Sí,SI,Eje VI/STOP-Bang,STOP-Bang_ficha_tecnica.pdf,STOP-Bang_protocolo.pdf,Autoinforme · 8 · Dicótoma · Papel y lápiz o formato electr
csi_new1,CSI,Inventario de Sensibilización Central,"Inventario de Sensibilización Central (Central Sensitization Inventory, CSI)","Randy Neblett, Tom G. Mayer et al. (PRIDE Research Foundation, Dallas, Texas, 2012, 2013)","Antonio I. Cuesta-Vargas et al. (2016, SpringerPlus / Pain in Motion)",Eje VI,6,Salud física y estilo de vida,Sensibilización central y carga de síntomas,Ansiedad y fobia,,TAG; fobia social; crisis de angustia; pánico; agorafobia,Autoinforme,Parte A: 25 ítems clínicos (escala Likert 0-4); Parte B: 10 diagnósticos médicos previos de SSC,Cribado / Triaje rápido,Adultos,adultos,5 a 8 minutos (autoadministrado),Escala de respuesta estructurada psicométrica,abierto,Sí,SI,Eje VI/CSI,CSI_ficha_tecnica.pdf,CSI_protocolo.pdf,Autoinforme · 25 + 10 · Likert de 5 puntos · 5 min · Papel y lápiz o formato electr
ftnd_new1,FTND,Test de Fagerström de Dependencia de la Nicotina,"Fagerström Test for Nicotine Dependence (FTND; Heatherton, Kozlowski, Frecker & Fagerström, 1991).","Todd F. Heatherton, Ph.D., L. T. Kozlowski, R. C. Frecker y Karl-Olov Fagerström, Ph.D.",Becoña & Vázquez (1998); de Granda-Orive et al. (2003); Villafuerte et al. (2006).,Eje VI,6,Salud física y estilo de vida,Tabaco,Sustancias y alcoholismo,,consumo problemático; AUDIT; abuso de drogas; dependencia; adicción,Autoinforme,Cuestionario de autoinforme breve (o administrado por examinador en tabaquismo).,Diagnóstico y severidad,Adultos fumadores,adultos,2 a 3 minutos de rápida cumplimentación en cualquier ámbito asistencial.,6 reactivos estructurados sobre hábitos y patrones temporales de consumo de tabaco.,abierto,Sí,SI,Eje VI/FTND,FTND_ficha_tecnica.pdf,FTND_protocolo.pdf,"Heteroadministrado · 6 · Dicotómica (Sí/No) · 3 min · Papel y lápiz, en consulta clí"
semcds_new1,SEMCD-S,Spanish Chronic Disease Self-Efficacy Scale,Escala de Autoeficacia para el Manejo de Afecciones Crónicas - Versión en Español (SEMCD-S),"Kate R. Lorig, Philip L. Ritter & Virginia M. González (Stanford Patient Education Research Center, 2001, 2005)",Adaptación y baremación en población hispanohablante,Eje VI,6,Salud física y estilo de vida,Autoeficacia/autocuidado en enfermedad crónica,Alfabetización y conductas de salud,,adherencia terapéutica; conductas de salud; autocuidado,Autoinforme,Escala breve de ítems calificados de 1 (Nada seguro) a 10 (Totalmente seguro),Diagnóstico y severidad,Adultos con enfermedad crónica,adultos,2 a 4 minutos (autoadministrado o administrado en talleres de autocuidado),Escala de respuesta estructurada psicométrica,abierto,"Sí (libre uso, Stanford Self-Management Resource Center)",SI,Eje VI/SEMCD-S,SEMCD-S_ficha_tecnica.pdf,SEMCD-S_protocolo.pdf,Autoinforme · 4 · Escala numérica 1-10 · Papel y lápiz o formato electr
eheals_new1,eHEALS,eHealth Literacy Scale,"Escala de Alfabetización Digital en Salud (eHealth Literacy Scale, eHEALS)","Cameron D. Norman & Harvey A. Skinner (Dalla Lana School of Public Health, Univ. of Toronto, 2006)","Paramio Pérez, Almagro, Hernando Gómez & Aguaded (2015, Rev Esp Salud Publica)",Eje VI,6,Salud física y estilo de vida,Alfabetización digital en salud,Alfabetización y conductas de salud,,adherencia terapéutica; conductas de salud; autocuidado,Autoinforme,8 ítems puntuados en escala tipo Likert de 5 puntos (1 = Totalmente en desacuerdo; 5 = Totalmente de acuerdo),Diagnóstico y severidad,Adultos,adultos,2 a 4 minutos (autoadministrado vía telemática o presencial),Escala de respuesta estructurada psicométrica,abierto,"Sí (CC-BY, original en inglés)",SI,Eje VI/eHEALS,eHEALS_ficha_tecnica.pdf,eHEALS_protocolo.pdf,Autoinforme · 8 · Likert 5 puntos · Papel y lápiz o formato electr
cremp_new1,CREM-P,Cuestionario de Relaciones Médico-Paciente (adaptación española del PDRQ),"Patient-Doctor Relationship Questionnaire (PDRQ; van der Feltz-Cornelis et al., 2004).","Christina M. van der Feltz-Cornelis, M.D., Ph.D. y colaboradores (Vrije Universiteit Amsterdam).","Roger Ruiz-Moral, M. de Torres-Sánchez, L. A. Pérula-de Torres et al. (Universidad de Córdoba / semFYC, 2007).",Eje VI,6,Salud física y estilo de vida,Relación paciente-profesional,Apego y relaciones interpersonales,,apego ansioso; apego evitativo; dependencia emocional; asertividad,Autoinforme,Cuestionario de autoinforme estructurado cumplimentado anónimamente por el paciente.,Diagnóstico y severidad,Adultos,adultos,3 a 5 minutos de cumplimentación autónoma post-consulta médica.,13 ítems puntuados en escala tipo Likert de 5 opciones (1 a 5; rango 13 a 65 puntos).,abierto,Sí (acceso abierto),SI,Eje VI/CREM-P,CREM-P_ficha_tecnica.pdf,CREM-P_protocolo.pdf,Autoinforme del paciente · 13 · Likert de 5 puntos · Papel y lápiz
bsq_new1,BSQ,Body Shape Questionnaire (Cuestionario sobre la Forma Corporal),"Cuestionario sobre la Forma Corporal (Body Shape Questionnaire, BSQ)","Peter J. Cooper, M. J. Taylor, Z. Cooper & Christopher G. Fairburn (Univ. of Cambridge / Oxford, 1987)","Rosa M. Raich, M. Mora, A. Soler, C. Ávila, I. Clos & L. Zapater (1996, Clínica y Salud)",Eje I,1,"Problemas, síntomas y riesgo",Insatisfacción con la forma y figura corporal,Conducta alimentaria e imagen corporal,,Eating behavior; Conducta alimentaria; Imagen corporal; Autoimagen; Conducta alimentaria patológica; Anorexia; Bulimia; Disortodinia,Autoinforme,34 ítems graduados en una escala ordinal tipo Likert de 6 puntos (1 = Nunca a 6 = Siempre),Diagnóstico y severidad,Adultas (validación original en mujeres),adultos,8 a 12 minutos (autoadministrado),Escala de respuesta estructurada psicométrica,abierto,Sí,SI,Eje I/BSQ,BSQ_ficha_tecnica.pdf,BSQ_protocolo.pdf,Autoinforme · 34 ítems · Escala de 6 puntos · Papel y lápiz
mba_new1,MBA,Measure of Body Apperception (Medida de Percepción del Cuerpo),Measure of Body Apperception (MBA / Medida de Apreciación del Cuerpo),"Charles S. Carver, C. Pozo-Kaderman, A. A. Price, V. Noriega, S. D. Harris et al. (1998)",Adaptación y baremación en población hispanohablante,Eje I,1,"Problemas, síntomas y riesgo",Dependencia de la autoestima respecto a la apariencia/integridad corporal,Conducta alimentaria e imagen corporal,,Eating behavior; Conducta alimentaria; Imagen corporal; Autoimagen; Conducta alimentaria patológica; Anorexia; Bulimia; Disortodinia,Autoinforme,Autoinforme psicométrico dimensional breve,Diagnóstico y severidad,Adultos (desarrollado en mujeres con cáncer de mama en etapa temprana),adultos,3 a 5 minutos (10 reactivos estructurados),Escala tipo Likert de 5 puntos: 1 (Totalmente en desacuerdo) a 5 (Totalmente de acuerdo),abierto,Sí,SI,Eje I/MBA,MBA_ficha_tecnica.pdf,MBA_protocolo.pdf,Autoinforme · 10 ítems · Escala de acuerdo de 4 puntos: 1 = · Papel y lápiz
ersq_new1,ERSQ,Emotion-Regulation Skills Questionnaire (Cuestionario de Habilidades de Regulación Emocional),_Emotion Regulation Skills Questionnaire (ERSQ)_,"Drs. Matthias Berking y Hansjörg Znoj (2008), University of Bern.","Gómez-Acosta et al. (2020); Berking, Wirtz, Svaldi & Hofmann (2014).",Eje II,2,Procesos psicológicos y mantenimiento,Habilidades específicas de regulación emocional (modelo ACE),Regulación emocional,,regulación emocional; homeostasis emocional; estabilidad emocional; disfunción emocional; control emocional; regulación afectiva,Autoinforme,Autoinforme psicométrico de 27 reactivos distribuidos en 9 factores con escala de 5 niveles (0 a 4).,Monitoreo de proceso / Evolución,Adultos,adultos,4 a 6 minutos en autoadministración.,Escala de respuesta estructurada psicométrica,abierto,Sí,SI,Eje II/ERSQ,ERSQ_ficha_tecnica.pdf,ERSQ_protocolo.pdf,Autoinforme · 27 ítems · Escala de 5 puntos · Papel y lápiz
ers_147,ERS,Escala para Evaluar el Riesgo Suicida,Escala para Evaluar el Riesgo Suicida (ERS - 20 ítems),Marly Johana Bahamón Muñetón y Yolanda Alarcón-Vásquez (2018),Adaptación y baremación en población hispanohablante,Eje I,1,"Problemas, síntomas y riesgo","Riesgo suicida (desesperanza, ideacion/planeacion, aislamiento social, apoyo familiar)",Suicidio y autolesión,,ideación suicida; riesgo de suicidio; NSSI; autolesiones,Autoinforme,Autoinforme psicométrico de cribado dimensional de riesgo vital,Diagnóstico y severidad,Adolescentes (desde 12 anos) y adultos,adolescentes; adultos,4 a 7 minutos (20 reactivos estructurados),Escala tipo Likert de 5 puntos: 1 (Totalmente en desacuerdo) a 5 (Totalmente de acuerdo),academico,Si,SI,Eje I/ERS,ERS_ficha_tecnica.pdf,ERS_protocolo.pdf,Autoinforme; también aplicable en · 20 ítems · Likert de 6 puntos · 5 min · Papel y lápiz o entrevista bre
ip_148,IP,Inventario de Padua (Padua Inventory),_Padua Inventory (PI / IP-60)_,"Prof. Ezio Sanavio (1988), Università degli Studi di Padova, Italia.","Ibáñez, Olmedo, Peñate y González (2002, validación española en RIPCS); Fernández-Montalvo et al. (1998).",Eje I,1,"Problemas, síntomas y riesgo","Sintomatologia obsesivo-compulsiva (perdida de control mental, contaminacion, comprobacion, impulsos)",Obsesiones y compulsiones,,TOC; dudas obsesivas; comprobación; contaminación; rituales,Autoinforme,Escala de autoinforme de 60 reactivos politómicos puntuados en escala Likert de 5 puntos (0 a 4).,Diagnóstico y severidad,Adolescentes y adultos,adolescentes; adultos,15 a 20 minutos.,Escala de respuesta estructurada psicométrica,academico,Si,SI,Eje I/IP,IP_ficha_tecnica.pdf,IP_protocolo.pdf,Autoinforme · 60 ítems · Likert de 5 puntos · 20 min · Papel y lápiz
bsl23_149,BSL-23,Borderline Symptom List-23,Lista de Síntomas del Trastorno Límite de la Personalidad - Versión Breve (BSL-23),"Martin Bohus, C. Limberger, U. Frank, C. Sendera et al. (Univ. of Heidelberg, Alemania, 2009)","Joaquim Soler, Daniel Vega, Juan Carlos Pascual et al. (2013, Actas Españolas de Psiquiatría)",Eje I,1,"Problemas, síntomas y riesgo","Sintomatologia limite (TLP): afecto negativo, autoimagen, autodestruccion, impulsividad, disociacion",Personalidad patológica,,TLP; narcisismo; psicopatía; tríada oscura; desapego,Autoinforme,23 ítems tipo Likert de 5 puntos (0 = nada a 4 = mucho) más 1 escala analógica visual suplementaria (0-100%),Diagnóstico y severidad,Adolescentes y adultos con sospecha o diagnostico de TLP,adolescentes; adultos,4 a 7 minutos (autoadministrado),Escala de respuesta estructurada psicométrica,academico,Si,SI,Eje I/BSL-23,BSL-23_ficha_tecnica.pdf,BSL-23_protocolo.pdf,Autoinforme · 23 ítems · Likert de 5 puntos · 5 min · Papel y lápiz
cubi18_150,CUBI-18,"Cuestionario de Urgencia, Busqueda de Sensaciones e Impulsividad-18","Cuestionario de Urgencia, Búsqueda de Sensaciones e Impulsividad (CUBI-18)",Martín Squillace Louhau y Juan Carlos Picón-Janeiro (2019),Adaptación y baremación en población hispanohablante,Eje I,1,"Problemas, síntomas y riesgo","Impulsividad (urgencia compulsiva, busqueda de sensaciones, imprevision)",Impulsividad y conducta disruptiva,,impulsividad; conducta antisocial; conducta disruptiva; trastorno de déficit de atención e hiperactividad; TDAH; conducta agresiva; conducta inadecuada,Autoinforme,Autoinforme psicométrico dimensional breve,Diagnóstico y severidad,Adultos 18-65 anos,adultos,4 a 7 minutos (18 ítems autoadministrados),Escala Likert de 5 opciones: 1 (Totalmente en desacuerdo) a 5 (Totalmente de acuerdo),academico,Si,SI,Eje I/CUBI-18,CUBI-18_ficha_tecnica.pdf,CUBI-18_protocolo.pdf,Autoinforme · 18 ítems · Likert de 4 puntos · 5 min · Papel y lápiz
egsr_151,EGS-R,Escala de Gravedad de Sintomas del TEPT-Revisada,Escala de Gravedad de Síntomas del Trastorno de Estrés Postraumático según el DSM-5 (EGS-R),"Enrique Echeburúa, Pedro J. Amor, Begoña Sarasua, Irene Zubizarreta, F. Javier Holgado-Tello y José M. Muñoz (2016)",Adaptación y baremación en población hispanohablante,Eje I,1,"Problemas, síntomas y riesgo","Gravedad de sintomas de TEPT segun DSM-5 (intrusion, evitacion, cognicion/animo, hiperactivacion, disociacion, disfuncionalidad)",Trauma y estrés postraumático,,TEPT; trauma complejo; estrés agudo; disociación,Autoinforme,Entrevista estructurada / autoinforme guiado de evaluación clínica y psicométrica,Diagnóstico y severidad,Adultos expuestos a sucesos traumaticos,adultos,10 a 15 minutos (21 ítems clínicos de gravedad),Escala Likert de 4 puntos: 0 (Nada) a 3 (Gravemente / 5 o más veces por semana),academico,Si,SI,Eje I/EGS-R,EGS-R_ficha_tecnica.pdf,EGS-R_protocolo.pdf,Entrevista clínica estructurada o · 31 ítems · Likert de 4 puntos · 20 min · Entrevista o autoadministrado
sias_152,SIAS,Escala de Ansiedad ante la Interaccion Social,Social Interaction Anxiety Scale (SIAS),Richard P. Mattick y J. Christopher Clarke (1998; versiones preliminares en 1989),"Julio Bobes, Xavier Badía, A. Luque, M. P. García-Portilla, M. P. González y M. T. Bascarán (2002)",Eje I,1,"Problemas, síntomas y riesgo",Ansiedad ante la interaccion social directa,Ansiedad y fobia,,TAG; fobia social; crisis de angustia; pánico; agorafobia,Autoinforme,Autoinforme estructurado con escala Likert de 5 puntos (0 = Nada a 4 = Mucho/Extremadamente),Diagnóstico y severidad,Adolescentes y adultos,adolescentes; adultos,5 a 10 minutos (20 ítems),Escala de respuesta estructurada psicométrica,academico,Si,SI,Eje I/SIAS,SIAS_ficha_tecnica.pdf,SIAS_protocolo.pdf,Autoinforme · 20 ítems · Likert de 5 puntos · 5 min · Papel y lápiz
sads_153,SADS,Escala de Estres y Evitacion Social (Social Avoidance and Distress Scale),Social Avoidance and Distress Scale (SADS),David Watson y Ronald Friend (1969),"Julio Bobes, Xavier Badía, A. Luque, M. P. García-Portilla, M. P. González y M. T. Bascarán (2002)",Eje I,1,"Problemas, síntomas y riesgo",Malestar subjetivo y evitacion conductual en situaciones sociales,Ansiedad y fobia,,TAG; fobia social; crisis de angustia; pánico; agorafobia,Autoinforme,Autoinforme estructurado con formato dicotómico Verdadero / Falso (V/F),Diagnóstico y severidad,Adolescentes y adultos,adolescentes; adultos,8 a 12 minutos (28 ítems),Escala de respuesta estructurada psicométrica,academico,Si,SI,Eje I/SADS,SADS_ficha_tecnica.pdf,SADS_protocolo.pdf,Autoinforme · 28 ítems · Dicotómica (Sí/No) · 10 min · Papel y lápiz
pss14_155,PSS-14,Escala de Estres Percibido (version de 14 items),_Perceived Stress Scale - 14 Item Full Form (PSS-14)_,"Sheldon Cohen, Tom Kamarck y Robin Mermelstein (1983), Carnegie Mellon University.","González y Landero (2007, validación psicométrica estructural); Remor y Carrobles (2001, España).",Eje I,1,"Problemas, síntomas y riesgo","Estres psicologico percibido (incontrolabilidad, autoeficacia/afrontamiento)",Estrés y estrés percibido,Afrontamiento y resiliencia,estrés; estrés percibido; tensión; sobrecarga; estrés crónico; coping; resiliencia; tolerancia a la frustración; adaptación,Autoinforme,Autoinforme de 14 reactivos politómicos de 5 anclajes (0 = Nunca a 4 = Muy a menudo).,Diagnóstico y severidad,Adolescentes y adultos,adolescentes; adultos,5 a 8 minutos.,Escala de respuesta estructurada psicométrica,academico,Si,SI,Eje I/PSS-14,PSS-14_ficha_tecnica.pdf,PSS-14_protocolo.pdf,Autoinforme · 14 ítems · Likert de 5 puntos · 5 min · Papel y lápiz
cae_156,CAE,Cuestionario de Afrontamiento del Estres,Cuestionario de Afrontamiento del Estrés (CAE; 42 reactivos).,"Drs. Bonifacio Sandín y Paloma Chorot (2003), UNED, Madrid, España.",Adaptación y baremación en población hispanohablante,Eje II,2,Procesos psicológicos y mantenimiento,Estrategias de afrontamiento del estres,Afrontamiento y resiliencia,,coping; resiliencia; tolerancia a la frustración; adaptación,Autoinforme,Autoinforme psicométrico multidimensional de 42 reactivos con escala Likert de 5 puntos (0 a 4).,Monitoreo de proceso / Evolución,Adultos,adultos,8 a 12 minutos en autoadministración.,Escala de respuesta estructurada psicométrica,academico,No verificado,SI,Eje II/CAE,CAE_ficha_tecnica.pdf,CAE_protocolo.pdf,Autoinforme · 42 ítems · Escala de 5 puntos · Papel y lápiz
eas_157,EAS,Escala de Apoyo Social,"Escala de Apoyo Social (EAS; Palomar Lever et al., 2013).","Dra. Joaquina Palomar Lever, G. L. Matus y A. Victorio (2013), Univ. Iberoamericana.",Adaptación y baremación en población hispanohablante,Eje II,2,Procesos psicológicos y mantenimiento,Apoyo social percibido (familiar y de amistades),Apoyo social y familia,,red de apoyo; funcionamiento familiar; dinámica de pareja,Autoinforme,Autoinforme psicométrico multidimensional de 21 reactivos con escala Likert de 4 puntos (1 a 4).,Monitoreo de proceso / Evolución,Adolescentes y adultos,adolescentes; adultos,4 a 6 minutos en autoadministración.,Escala de respuesta estructurada psicométrica,academico,No verificado,SI,Eje II/EAS,EAS_ficha_tecnica.pdf,EAS_protocolo.pdf,Autoinforme · 21 ítems · Likert de 4 puntos · Papel y lápiz
erq_158,ERQ,Emotion Regulation Questionnaire - Cuestionario de Autorregulacion Emocional,_Emotion Regulation Questionnaire (ERQ)_,"Drs. James J. Gross y Oliver P. John (2003), Stanford University / UC Berkeley.","Rodríguez-Carvajal, Moreno-Jiménez y Garrosa (UAM, 2006); validación de Cabello et al. (2012).",Eje II,2,Procesos psicológicos y mantenimiento,"Regulacion emocional (reevaluacion cognitiva, supresion expresiva)",Regulación emocional,,regulación emocional; homeostasis emocional; estabilidad emocional; disfunción emocional; control emocional; regulación afectiva,Autoinforme,Autoinforme escalar de 10 reactivos tipo Likert de 7 puntos (1 a 7).,Monitoreo de proceso / Evolución,Adultos,adultos,2 a 4 minutos en autoadministración; 5 minutos asistido.,Escala de respuesta estructurada psicométrica,abierto,Si (traduccion autorizada por autores originales),SI,Eje II/ERQ,ERQ_ficha_tecnica.pdf,ERQ_protocolo.pdf,Autoinforme · 10 ítems · Likert de 7 puntos · Papel y lápiz
fmps_159,FMPS,Escala Multidimensional de Perfeccionismo,_Frost Multidimensional Perfectionism Scale (FMPS)_,"Drs. Randy O. Frost, Patricia Marten, Cathleen Lahart y R. Rosenblate (1990), Smith College.","Carrasco et al. (2010); Gelabert et al. (2011), Universidad Autónoma de Barcelona.",Eje II,2,Procesos psicológicos y mantenimiento,Perfeccionismo multidimensional,Rasgos de personalidad,,personalidad; rasgos de personalidad; trastorno de personalidad; personalidad antisocial; personalidad borderline,Autoinforme,Autoinforme multidimensional de 35 reactivos con escala Likert de 5 puntos (1 a 5).,Monitoreo de proceso / Evolución,Adultos,adultos,6 a 10 minutos en autoadministración; 12 minutos asistido.,Escala de respuesta estructurada psicométrica,academico,No verificado,SI,Eje II/FMPS,FMPS_ficha_tecnica.pdf,FMPS_protocolo.pdf,Autoinforme · 35 ítems · Likert de 5 puntos · Papel y lápiz
panas_161,PANAS,Escala de Afecto Positivo y Negativo,_Positive and Negative Affect Schedule (PANAS)_,"Drs. David Watson, Lee Anna Clark y Auke Tellegen (1988), Southern Methodist University / University of Iowa.","Bonifacio Sandín et al. (1999); Joiner, Sandín et al. (1997); Dufey & Fernández (2012).",Eje II,2,Procesos psicológicos y mantenimiento,Afecto positivo y negativo,Regulación emocional,,regulación emocional; homeostasis emocional; estabilidad emocional; disfunción emocional; control emocional; regulación afectiva,Autoinforme,Autoinforme escalar de 20 descriptores afectivos tipo Likert de 5 puntos (1 a 5).,Monitoreo de proceso / Evolución,Adultos,adultos,2 a 3 minutos en autoadministración; 4 minutos asistido.,Escala de respuesta estructurada psicométrica,academico,No verificado,SI,Eje II/PANAS,PANAS_ficha_tecnica.pdf,PANAS_protocolo.pdf,Autoinforme · 20 ítems · Likert de 5 puntos · Papel y lápiz
rs14_162,RS-14,Escala de Resiliencia de 14 items,"14-Item Resilience Scale (RS-14; Wagnild, 2009).","Dra. Gail M. Wagnild y Dra. Heather M. Young (1993, 2009).","Sánchez-Teruel y Robles-Bello (2015), Universidad de Jaén, España.",Eje II,2,Procesos psicológicos y mantenimiento,Resiliencia,Afrontamiento y resiliencia,,coping; resiliencia; tolerancia a la frustración; adaptación,Autoinforme,Cuestionario de autoinforme breve de 14 reactivos con escala Likert de 7 puntos (1 a 7).,Monitoreo de proceso / Evolución,Adultos,adultos,3 a 5 minutos en autoadministración.,Escala de respuesta estructurada psicométrica,academico,No verificado (instrumento comercial),SI,Eje II/RS-14,RS-14_ficha_tecnica.pdf,RS-14_protocolo.pdf,Autoinforme · 14 ítems · Likert de 7 puntos · Papel y lápiz
tmms24_163,TMMS-24,Trait Meta-Mood Scale-24,_Trait Meta-Mood Scale-24 (TMMS-24)_,"Drs. Peter Salovey, John D. Mayer, S. L. Goldman, C. Turvey y T. P. Palfai (1995), Yale University.","Pablo Fernández-Berrocal, Natalio Extremera y Natalia Ramos (2004), Universidad de Málaga.",Eje II,2,Procesos psicológicos y mantenimiento,"Inteligencia emocional percibida (atencion, claridad, reparacion)",Regulación emocional,,regulación emocional; homeostasis emocional; estabilidad emocional; disfunción emocional; control emocional; regulación afectiva,Autoinforme,Autoinforme escalar de 24 reactivos con escala Likert de 5 puntos (1 a 5).,Monitoreo de proceso / Evolución,Adolescentes y adultos,adolescentes; adultos,4 a 6 minutos en autoadministración; 7 minutos asistido.,Escala de respuesta estructurada psicométrica,academico,No verificado,SI,Eje II/TMMS-24,TMMS-24_ficha_tecnica.pdf,TMMS-24_protocolo.pdf,Autoinforme · 24 ítems · Likert de 5 puntos · Papel y lápiz
beaq_164,BEAQ,Brief Experiential Avoidance Questionnaire,_Brief Experiential Avoidance Questionnaire (BEAQ)_,"Drs. W. Gámez, K. Chmielewski, M. A. Kotov, D. Ruggero y D. Watson (2014).","Antonio J. Vázquez-Morejón, Raquel Vázquez-Morejón Jiménez et al. (2019, _Psicothema_).",Eje II,2,Procesos psicológicos y mantenimiento,Evitacion experiencial,Flexibilidad psicológica y mindfulness,,resiliencia; atención plena; adaptabilidad; flexibilidad cognitiva; percepción positiva; mindfulness,Autoinforme,Autoinforme dimensional de 15 reactivos con escala Likert de 6 puntos (1 a 6).,Monitoreo de proceso / Evolución,Adultos (muestra clinica de validacion),adultos,2 a 4 minutos en autoadministración.,Escala de respuesta estructurada psicométrica,academico,No verificado,SI,Eje II/BEAQ,BEAQ_ficha_tecnica.pdf,BEAQ_protocolo.pdf,Autoinforme · 15 ítems · Likert de 6 puntos · 3 min · Papel y lápiz
vq_165,VQ,Valuing Questionnaire,_Valuing Questionnaire (VQ)_,"Drs. Matthew Smout, M. Davies, M. Bobrovcf et al. (2014), University of South Australia.","Francisco J. Ruiz, J. C. Suárez-Falcón, M. A. Segura-Vargas y B. Gil-Luciano (2022).",Eje II,2,Procesos psicológicos y mantenimiento,Vida valiosa (Progreso vs Obstruccion) segun valores personales,Identidad y valores,,identidad personal; valores morales; autoconcepto; autoestima; identidad social; identidad de género; valores éticos,Autoinforme,Autoinforme dimensional de 10 reactivos con escala Likert de 7 puntos (0 a 6).,Monitoreo de proceso / Evolución,Adultos,adultos,2 a 3 minutos en autoadministración; 4 minutos asistido.,Escala de respuesta estructurada psicométrica,academico,"Si, con restriccion de uso no comercial y sin obras derivadas",SI,Eje II/VQ,VQ_ficha_tecnica.pdf,VQ_protocolo.pdf,Autoinforme · 10 ítems · Likert de 7 puntos · Papel y lápiz o autoadministra
psyflex_166,Psy-Flex,Cuestionario Psy-Flex (flexibilidad psicologica),_The Psy-Flex Questionnaire_,"Drs. Andrew T. Gloster, Jens Gaab et al. (2021), Universidad de Basilea.","Francisco J. Ruiz, Diana M. García-Martín y María B. Segura-Vargas (2021).",Eje II,2,Procesos psicológicos y mantenimiento,"Flexibilidad psicologica (presencia, apertura, defusion, yo estable, valores, compromiso)",Flexibilidad psicológica y mindfulness,,resiliencia; atención plena; adaptabilidad; flexibilidad cognitiva; percepción positiva; mindfulness,Autoinforme,Autoinforme escalar breve de 6 reactivos con escala Likert de 5 puntos (1 a 5).,Monitoreo de proceso / Evolución,Adultos,adultos,1 minuto en autoadministración; 2 minutos asistido.,Escala de respuesta estructurada psicométrica,academico,"Apertura academica declarada, licencia exacta no verificada",SI,Eje II/Psy-Flex,Psy-Flex_ficha_tecnica.pdf,Psy-Flex_protocolo.pdf,Autoinforme · 6 ítems · Escala de 5 puntos · Papel y lápiz o digital
cope48_167,COPE-48,Versión española del COPE-48 (adaptación clínica del COPE Inventory),_The COPE-48: Adapted Version of the COPE Inventory for Clinical Settings_,"Drs. Charles S. Carver, Michael F. Scheier y Jagdish K. Weintraub (1989).","Y. Martínez-Ortega, M. Gomà-i-Freixanet y A. Fornieles-Deu (2016, 2018, UAB).",Eje II,2,Procesos psicológicos y mantenimiento,"Afrontamiento (coping), 9 escalas clínicas",Afrontamiento y resiliencia,,coping; resiliencia; tolerancia a la frustración; adaptación,Autoinforme,Autoinforme psicométrico multidimensional de 48 reactivos con escala Likert de 4 puntos (1 a 4).,Monitoreo de proceso / Evolución,Adultos (validado en población psiquiátrica ambulatoria),adultos,10 a 14 minutos en autoadministración.,Escala de respuesta estructurada psicométrica,abierto,Sí,SI,Eje II/COPE-48,COPE-48_ficha_tecnica.pdf,COPE-48_protocolo.pdf,"Autoinforme · 48 ítems · Likert de 4 puntos · Papel y lápiz, autoadministrad"
ffmq-sf_168,FFMQ-SF,Cuestionario de Cinco Facetas de Mindfulness - Forma Corta,_Five Facet Mindfulness Questionnaire – Short Form (FFMQ-SF 24 items)_,Drs. Ernst Bohlmeijer et al. (2011) a partir del modelo de Ruth A. Baer et al. (2006).,"Asensio-Martínez et al. (2019); Cebolla et al. (2012), Universidad de Valencia.",Eje II,2,Procesos psicológicos y mantenimiento,"Mindfulness y regulacion emocional (5 facetas: observar, describir, actuar con consciencia, no juzgar, no reactividad)",Flexibilidad psicológica y mindfulness,,resiliencia; atención plena; adaptabilidad; flexibilidad cognitiva; percepción positiva; mindfulness,Autoinforme,Autoinforme escalar abreviado de 24 reactivos con escala Likert de 5 puntos (1 a 5).,Monitoreo de proceso / Evolución,Adultos (poblacion general y laboral),adultos,4 a 6 minutos en autoadministración; 7 minutos asistido.,Escala de respuesta estructurada psicométrica,abierto,"Si (Open Access, CC BY 4.0)",SI,Eje II/FFMQ-SF,FFMQ-SF_ficha_tecnica.pdf,FFMQ-SF_protocolo.pdf,24 ítems · Likert de 5 puntos
scs_169,SCS,Escala de Autocompasión (Self-Compassion Scale - Formas de 26 y 12 ítems),_Self-Compassion Scale (SCS)_ / _Self-Compassion Scale - Short Form (SCS-SF)_,"Dra. Kristin D. Neff (2003); forma abreviada: Raes, Pommier, Neff & Van Gucht (2011).","Javier Garcia-Campayo, Marcelo Cebolla, Marta del Hoyo, Yolanda López del Hoyo et al. (2014).",Eje II,2,Procesos psicológicos y mantenimiento,Autocompasión y regulación afectiva (3 polaridades / 6 subescalas),Regulación emocional,,regulación emocional; homeostasis emocional; estabilidad emocional; disfunción emocional; control emocional; regulación afectiva,Autoinforme,Autoinforme psicométrico de 26 reactivos (o 12 en SCS-SF) con escala Likert de 5 puntos (1 a 5).,Monitoreo de proceso / Evolución,Adultos (universitarios y profesionales sanitarios),adultos,SCS completa: 6 a 8 minutos; SCS-SF: 2 a 3 minutos.,Escala de respuesta estructurada psicométrica,abierto,"Si (Open Access, CC BY 2.0)",SI,Eje II/SCS,SCS_ficha_tecnica.pdf,SCS_protocolo.pdf,Autoinforme · Autocompasión y regulación afectiva (3 polaridades / 6 subescalas) · Población: Adultos (universitarios y profesionales sanitarios)
ras-h_170,RAS-H,Escala de Valoración de la Relación (Relationship Assessment Scale - Hendrick),"Relationship Assessment Scale (RAS; Hendrick, 1988; Hendrick et al., 1998).","Susan S. Hendrick, Ph.D., Clyde Hendrick, Ph.D. y Amy Dicke (Texas Tech Univ.).","Moral de la Rubia (2008, 2015); Gómez & Merchán (2020); validación en parejas hispanas.",Eje IV,4,"Funcionamiento, adaptación y recursos",Satisfacción diádica y calidad de la relación de pareja,Apego y relaciones interpersonales,,apego ansioso; apego evitativo; dependencia emocional; asertividad,Autoinforme,Cuestionario breve de autoinforme unidimensional (7 reactivos).,Diagnóstico y severidad,Adultos en pareja (matrimonio o unión libre),adultos,2 a 3 minutos en administración autónoma expedita.,Escala Likert de 5 puntos con descriptores verbales específicos por reactivo.,academico,Si,SI,Eje IV/RAS-H,RAS-H_ficha_tecnica.pdf,RAS-H_protocolo.pdf,7 ítems · Likert de 5 puntos
mec_171,MEC,Mini-Examen Cognoscitivo de Lobo,Mini-Examen Cognoscitivo de Lobo,"Antonio Lobo, Pedro Ezquerra, F. Gómez Burgada, A. Sala y J. Seva Díaz (Univ. Zaragoza).",Adaptación y baremación en población hispanohablante,Eje V,5,Funcionamiento cognitivo y neuropsicología,Cribado cognitivo global,Cribado cognitivo y demencias,,Cognitive screening; Cribado cognitivo; Demencia; Alzheimer; Enfermedad de Alzheimer; Deterioro cognitivo; Evaluación cognitiva; Prueba cognitiva,Heteroaplicado / Entrevista clínica,Prueba de cribado neuropsicológico breve heteroaplicada individual.,Cribado / Triaje rápido,Adultos (ver Ficha_Tecnica),adultos,8 a 12 minutos de rápida aplicación clínica en consulta o cabecera de cama.,30 cuestiones operativas agrupadas en 6 áreas cognitivas (escala de 35 o 30 puntos).,academico,"A verificar (adapt. española de MMSE, uso clínico extendido)",SI,Eje V/MEC,MEC_ficha_tecnica.pdf,MEC_protocolo.pdf,13 · Heteroaplicada
adascog_172,ADAS-Cog,Alzheimer's Disease Assessment Scale - Cognitiva,"Alzheimer's Disease Assessment Scale - Cognitive Subscale (Mohs et al., 1983; Rosen et al., 1984).","Richard C. Mohs, Ph.D., W. G. Rosen, M.D. y Kenneth L. Davis, M.D. (Mount Sinai School of Med.).","Manubens et al. (1998); Peña-Casanova et al. (1997); Grupo NORMACODEM, España.",Eje V,5,Funcionamiento cognitivo y neuropsicología,Deterioro cognitivo en demencia,Cribado cognitivo y demencias,,Cognitive screening; Cribado cognitivo; Demencia; Alzheimer; Enfermedad de Alzheimer; Deterioro cognitivo; Evaluación cognitiva; Prueba cognitiva,Rendimiento neurocognitivo / Tarea de ejecución,Batería neuropsicológica breve de ejecución heteroaplicada por examinador clínico entrenado.,Diagnóstico y severidad,Adultos (ver Ficha_Tecnica),adultos,30 a 45 minutos de evaluación interactiva presencial.,11 tareas cognitivas estandarizadas (ADAS-Cog-11; versión extendida 13 tareas).,academico,Restringido (uso bajo licencia en ensayos clínicos),SI,Eje V/ADAS-Cog,ADAS-Cog_ficha_tecnica.pdf,ADAS-Cog_protocolo.pdf,21; 11 forman el ADAS cognitivo y 10 el ADAS no cognitivo · Heteroaplicada
bprs_173,BPRS,Brief Psychiatric Rating Scale,"Escala Breve de Evaluación Psiquiátrica (Brief Psychiatric Rating Scale, BPRS)","John E. Overall & Donald R. Gorham (1962, Psychol Rep; Overall, 1988)","Bobes García, García-Portilla, Bascarán, Sáiz et al. (2004, Ars Medica / CIBERSAM)",Eje I,1,"Problemas, síntomas y riesgo",Psicopatología general (heteroaplicada),Psicosis y experiencias delirantes,,esquizofrenia; síntomas positivos; delirio; alucinación,Heteroaplicado / Entrevista clínica,18 ítems evaluados en escala Likert de 7 puntos con anclajes operativos (1 = no presente a 7 = extremadamente grave),Diagnóstico y severidad,Adultos (ver Ficha_Tecnica),adultos,15 a 25 minutos (heteroadministrada mediante entrevista clínica y observación directa),Escala de respuesta estructurada psicométrica,academico,Público (Overall & Gorham 1962),SI,Eje I/BPRS,BPRS_ficha_tecnica.pdf,BPRS_protocolo.pdf,18 · Heteroaplicada
sips_174,SIPS,Entrevista Estructurada para Síndromes Prodrómicos,Structured Interview for Prodromal Syndromes (SIPS / PRIME Clinic),"Thomas H. McGlashan, Tandy J. Miller, Scott W. Woods, Barbara C. Walsh et al. (2001, 2010)","Grupo de Investigación en Estados de Alto Riesgo (CIBERSAM / Celso Arango, Julio Bobes et al.)",Eje I,1,"Problemas, síntomas y riesgo",Riesgo de psicosis,Psicosis y experiencias delirantes,,esquizofrenia; síntomas positivos; delirio; alucinación,Heteroaplicado / Entrevista clínica,Entrevista clínica semiestructurada administrada por profesional de la salud mental,Evaluación pericial forense / Riesgo,Adultos (ver Ficha_Tecnica),adultos,45 a 75 minutos (entrevista diagnóstica exhaustiva),Escala de respuesta estructurada psicométrica,academico,"Académico, requiere permiso de autores (Yale PRIME)",SI,Eje I/SIPS,SIPS_ficha_tecnica.pdf,SIPS_protocolo.pdf,33 · Heteroaplicada
sops_175,SOPS,Scale of Prodromal Syndromes,Scale of Prodromal Symptoms (SOPS),"Tandy J. Miller, Thomas H. McGlashan, Scott W. Woods, Kristin S. Cadenhead et al. (1999, 2003)",Red de Salud Mental CIBERSAM (Grupo de Psiquiatría Infanto-Juvenil y Detección Temprana),Eje I,1,"Problemas, síntomas y riesgo",Síntomas prodrómicos de psicosis,Psicosis y experiencias delirantes,,esquizofrenia; síntomas positivos; delirio; alucinación,Heteroaplicado / Entrevista clínica,Heteroaplicada por psiquiatra o psicólogo clínico mediante anclajes operativos de 7 puntos (0 a 6),Diagnóstico y severidad,Adultos (ver Ficha_Tecnica),adultos,30 a 45 minutos (19 ítems clínicos),Escala de respuesta estructurada psicométrica,academico,"Académico, requiere permiso (Yale PRIME)",SI,Eje I/SOPS,SOPS_ficha_tecnica.pdf,SOPS_protocolo.pdf,19 · Heteroaplicada
sumd_176,SUMD,Scale to Assess Unawareness of Mental Disorder,Scale to Assess Unawareness of Mental Disorder (SUMD),"Xavier F. Amador, David H. Strauss, S. A. Yale, M. M. Flaum, J. Endicott y J. M. Gorman (1993, 1994)","Versión española validada (Ruiz, Amador et al., 2003; Bobes et al., 2004)",Eje I,1,"Problemas, síntomas y riesgo",Insight/conciencia de enfermedad,Psicosis y experiencias delirantes,,esquizofrenia; síntomas positivos; delirio; alucinación,Heteroaplicado / Entrevista clínica,Heteroaplicada mediante entrevista clínica semiestructurada e informe colateral,Diagnóstico y severidad,Adultos (ver Ficha_Tecnica),adultos,15 a 25 minutos (versión abreviada de 6 a 9 ítems) o 45 min (versión completa de 20 síntomas),Escala de respuesta estructurada psicométrica,academico,Académico (Amador),SI,Eje I/SUMD,SUMD_ficha_tecnica.pdf,SUMD_protocolo.pdf,9 · Heteroaplicada
oas_177,OAS,Overt Aggression Scale,Overt Aggression Scale (OAS / Escala de Agresividad Manifiesta),"Stuart C. Yudofsky, J. M. Silver, W. Jackson, J. Endicott y D. Williams (1986)",Banco de Instrumentos Básicos de Bobes et al. (2004),Eje I,1,"Problemas, síntomas y riesgo",Agresividad manifiesta observada,"Agresividad, ira y violencia",,hostilidad; rabia; agresión física; conducta violenta,Heteroaplicado / Entrevista clínica,Registro observacional estructurado por eventos / escala heteroaplicada de enfermería y facultativos,Evaluación pericial forense / Riesgo,Adultos (ver Ficha_Tecnica),adultos,2 a 3 minutos por cada episodio agresivo registrado de forma inmediata,Clasificación del incidente en 4 categorías jerárquicas de agresividad (4 niveles cada una) y registro de intervenciones,academico,Público (Yudofsky et al. 1986),SI,Eje I/OAS,OAS_ficha_tecnica.pdf,OAS_protocolo.pdf,4 · Heteroaplicada
madrs_178,MADRS,Montgomery-Asberg Depression Rating Scale,Montgomery-Asberg Depression Rating Scale (MADRS),Stuart A. Montgomery y Marie Asberg (1979) - Karolinska Institute / Guy's Hospital,Lobo et al. (2002) y Banco de Instrumentos de Bobes et al. (2004),Eje I,1,"Problemas, síntomas y riesgo",Severidad depresiva (heteroaplicada),Depresión y estado de ánimo,,depresión mayor; distimia; afecto negativo; anhedonia; ánimo bajo,Heteroaplicado / Entrevista clínica,Entrevista clínica estructurada heteroaplicada por facultativo de salud mental,Diagnóstico y severidad,Adultos (ver Ficha_Tecnica),adultos,12 a 20 minutos (administrada por clínico entrenado),"Escala tipo Likert clínica de 7 anclajes: 0 a 6 puntos (anclajes descriptivos pares 0, 2, 4, 6)",academico,Público/libre uso académico,SI,Eje I/MADRS,MADRS_ficha_tecnica.pdf,MADRS_protocolo.pdf,10 · Heteroaplicada
gds_179,GDS,"Geriatric Depression Scale (Yesavage, 30 items)",Geriatric Depression Scale (GDS - Versión de 30 ítems),"Jerome A. Yesavage, T. L. Brink, T. O. Rose, O. Lum et al. (1983)",Izal y Montorio (1993); Martínez de la Iglesia et al. (2002); Bobes et al. (2004),Eje I,1,"Problemas, síntomas y riesgo",Depresión en adultos mayores,Depresión y estado de ánimo,,depresión mayor; distimia; afecto negativo; anhedonia; ánimo bajo,Autoinforme,Autoinforme estructurado o cuestionario administrado en entrevista,Diagnóstico y severidad,Adultos (ver Ficha_Tecnica),adultos,8 a 12 minutos (30 reactivos de respuesta dicotómica),Dicotómico: Sí / No (con 10 ítems directos y 20 invertidos),academico,Público,SI,Eje I/GDS,GDS_ficha_tecnica.pdf,GDS_protocolo.pdf,30 · Autoaplicada
cds_180,CDS,Calgary Depression Scale for Schizophrenia,"Escala de Depresión de Calgary para la Esquizofrenia (Calgary Depression Scale for Schizophrenia, CDSS)","Donald Addington, Jean Addington & B. Schissel (University of Calgary, Canadá, 1990)","Sarró, Dueñas, Ramírez et al. (2004, Schizophr Res); Bobes et al. (2004, CIBERSAM)",Eje I,1,"Problemas, síntomas y riesgo",Depresión en esquizofrenia,Depresión y estado de ánimo,,depresión mayor; distimia; afecto negativo; anhedonia; ánimo bajo,Autoinforme,9 ítems evaluados en escala Likert de 4 puntos (0 = Ausente a 3 = Grave) con criterios operativos específicos,Diagnóstico y severidad,Adultos (ver Ficha_Tecnica),adultos,10 a 15 minutos (heteroadministrada mediante entrevista clínica guiada y observación),Escala de respuesta estructurada psicométrica,academico,"Académico, libre para uso clínico/investigación",SI,Eje I/CDS,CDS_ficha_tecnica.pdf,CDS_protocolo.pdf,9 · Heteroaplicada
mdq_181,MDQ,Mood Disorder Questionnaire,_Mood Disorder Questionnaire (MDQ)_,"Robert M. A. Hirschfeld, Joseph R. Calabrese, Laurie Flynn, Paul E. Keck Jr., Lydia Lewis, Robert M. Post y cols. (2000).","Saiz, Bousoño, Bascarán et al. (2003, validación de referencia); Bobes et al. (2004, Ars Medica / CIBERSAM).",Eje I,1,"Problemas, síntomas y riesgo",Cribado de espectro bipolar,Bipolaridad y manía,,Bipolar disorder; Manic episode; Manía; Psicosis maníca; Ciclotimia; Psicosis bipolar,Autoinforme,"Autoinforme estructurado en 3 partes: 13 síntomas hipomaníacos (Sí/No), concurrencia temporal e impacto funcional.",Cribado / Triaje rápido,Adultos (ver Ficha_Tecnica),adultos,5 a 7 minutos.,Escala de respuesta estructurada psicométrica,academico,"Público (Hirschfeld, uso libre no comercial)",SI,Eje I/MDQ,MDQ_ficha_tecnica.pdf,MDQ_protocolo.pdf,13 · Autoaplicada
ymrs_182,YMRS,Young Mania Rating Scale,Young Mania Rating Scale (YMRS),"Robert C. Young, John T. Biggs, Vincent E. Ziegler y David A. Meyer (1978)","Francesc Colom, Eduard Vieta, J. M. Martínez-Arán, E. García-García et al. (2002)",Eje I,1,"Problemas, síntomas y riesgo",Severidad de manía,Bipolaridad y manía,,Bipolar disorder; Manic episode; Manía; Psicosis maníca; Ciclotimia; Psicosis bipolar,Heteroaplicado / Entrevista clínica,Heteroaplicada mediante entrevista clínica semiestructurada y observación conductual directa,Diagnóstico y severidad,Adultos (ver Ficha_Tecnica),adultos,15 a 20 minutos (11 ítems con ponderación clínica específica),Escala de respuesta estructurada psicométrica,academico,Público/libre uso académico,SI,Eje I/YMRS,YMRS_ficha_tecnica.pdf,YMRS_protocolo.pdf,11 · Heteroaplicada
evmac_183,EVMAC,Escala para la Valoración de la Manía por Clínicos,Escala para la Valoración de la Manía por Clínicos (EVMAC / CARS-M),"Edward G. Altman, D. R. Hedeker, P. G. Janicak, J. L. Peterson y J. M. Davis (1994)","Antoni Bulbena et al. (Grup Sant Pau, 1994); Lorenzo Livianos et al. (2000)",Eje I,1,"Problemas, síntomas y riesgo",Severidad de manía (heteroaplicada),Bipolaridad y manía,,Bipolar disorder; Manic episode; Manía; Psicosis maníca; Ciclotimia; Psicosis bipolar,Heteroaplicado / Entrevista clínica,Escala heteroaplicada de entrevista clínica semiestructurada,Diagnóstico y severidad,Adultos (ver Ficha_Tecnica),adultos,15 a 25 minutos (15 reactivos valorados por un psiquiatra o psicólogo),Escala tipo Likert clínica de 6 puntos: 0 (Ausente) a 5 (Extremo / máxima gravedad),academico,A verificar,SI,Eje I/EVMAC,EVMAC_ficha_tecnica.pdf,EVMAC_protocolo.pdf,15 · Heteroaplicada
mas_184,MAS,Escala de Manía de Bech-Rafaelsen,Bech-Rafaelsen Mania Scale (MAS / BRMS),"Per Bech, O. J. Rafaelsen, P. Kramp y T. G. Bolwig (1978, 1979)",Banco de Instrumentos Básicos de Psiquiatría Clínica de Bobes et al. (2004),Eje I,1,"Problemas, síntomas y riesgo",Severidad de manía,Bipolaridad y manía,,Bipolar disorder; Manic episode; Manía; Psicosis maníca; Ciclotimia; Psicosis bipolar,Heteroaplicado / Entrevista clínica,Escala clínica de entrevista semiestructurada heteroaplicada,Diagnóstico y severidad,Adultos (ver Ficha_Tecnica),adultos,12 a 18 minutos (cumplimentada por clínico entrenado),Escala tipo Likert clínica de 5 niveles: 0 (Ausente) a 4 (Máxima gravedad),academico,"Académico, libre uso",SI,Eje I/MAS,MAS_ficha_tecnica.pdf,MAS_protocolo.pdf,11 · Heteroaplicada
rfl_185,RFL,Reasons for Living Inventory (Linehan),Reasons for Living Inventory (RFL),"Marsha M. Linehan, Janet L. Goodstein, Stephen L. Nielsen y John A. Chiles (1983)","María A. Oquendo, R. Graver, Enrique Baca-García, M. Morales, V. De la Cruz y J. John Mann (2000)",Eje I,1,"Problemas, síntomas y riesgo",Factores protectores frente al suicidio,Suicidio y autolesión,,ideación suicida; riesgo de suicidio; NSSI; autolesiones,Autoinforme,Autoinforme estructurado con escala ordinal Likert de 6 puntos,Diagnóstico y severidad,Adultos (ver Ficha_Tecnica),adultos,10 a 15 minutos (48 ítems autoadministrados),Escala de respuesta estructurada psicométrica,academico,"Académico, libre uso investigación/clínica",SI,Eje I/RFL,RFL_ficha_tecnica.pdf,RFL_protocolo.pdf,48 · Autoaplicada
rvplutchik_186,RV-Plutchik,Escala de Riesgo de Violencia de Plutchik,Plutchik's Risk of Violence Scale (RVS),Robert Plutchik y Herman M. van Praag (1990),"G. Rubio, M. Morales, A. Rubio, J. Cabrerizo, J. L. San Román et al. (1998)",Eje I,1,"Problemas, síntomas y riesgo",Riesgo de violencia autodirigida,"Agresividad, ira y violencia",,hostilidad; rabia; agresión física; conducta violenta,Autoinforme,Autoinforme estructurado de 12 ítems (escala ordinal 0-3 y dicotómica),Diagnóstico y severidad,Adultos (ver Ficha_Tecnica),adultos,3 a 5 minutos (12 ítems),Escala de respuesta estructurada psicométrica,academico,"Académico, libre uso",SI,Eje I/RV-Plutchik,RV-Plutchik_ficha_tecnica.pdf,RV-Plutchik_protocolo.pdf,12 · Autoaplicada
eiplutchik_187,EI-Plutchik,Escala de Impulsividad de Plutchik,Escala de Impulsividad de Plutchik (EI-Plutchik),Robert Plutchik y Herman M. van Praag (1989),"Gabriel Rubio, M. A. Jiménez-Arriero, F. J. Ponce, J. Santo Domingo et al. (1998)",Eje I,1,"Problemas, síntomas y riesgo",Impulsividad,Impulsividad y conducta disruptiva,,impulsividad; conducta antisocial; conducta disruptiva; trastorno de déficit de atención e hiperactividad; TDAH; conducta agresiva; conducta inadecuada,Autoinforme,Autoinforme psicométrico unidimensional breve,Diagnóstico y severidad,Adultos (ver Ficha_Tecnica),adultos,3 a 5 minutos (15 ítems autoadministrados),"Escala tipo Likert de 4 opciones: Nunca (0), A veces (1), A menudo (2), Casi siempre (3)",academico,"Académico, libre uso",SI,Eje I/EI-Plutchik,EI-Plutchik_ficha_tecnica.pdf,EI-Plutchik_protocolo.pdf,15 · Autoaplicada
spin_188,SPIN,Social Phobia Inventory,Social Phobia Inventory (SPIN),"Kathryn M. Connor, Jonathan R. T. Davidson, L. E. Churchill, A. Sherwood, E. Foa et al. (2000)",Julio Bobes et al. (2004); Banco de Instrumentos Básicos / CIBERSAM,Eje I,1,"Problemas, síntomas y riesgo",Fobia social,Ansiedad y fobia,,TAG; fobia social; crisis de angustia; pánico; agorafobia,Autoinforme,Autoinforme estructurado con escala Likert de 5 puntos (0 = Nada a 4 = Extremadamente),Diagnóstico y severidad,Adultos (ver Ficha_Tecnica),adultos,5 a 8 minutos (17 ítems referidos a la última semana),Escala de respuesta estructurada psicométrica,academico,"Académico, libre uso",SI,Eje I/SPIN,SPIN_ficha_tecnica.pdf,SPIN_protocolo.pdf,17 · Autoaplicada
bsps_189,BSPS,Brief Social Phobia Scale (Davidson),"Escala Breve de Fobia Social (Brief Social Phobia Scale, BSPS)","Jonathan R. T. Davidson, C. M. Miner, J. DeVeaugh-Geiss et al. (Duke University Medical Center, 1991, 1997)","Julio Bobes García, M. P. García-Portilla, M. T. Bascarán et al. (1999, 2004, Ars Medica / CIBERSAM)",Eje I,1,"Problemas, síntomas y riesgo",Fobia social (heteroaplicada),Ansiedad y fobia,,TAG; fobia social; crisis de angustia; pánico; agorafobia,Autoinforme,18 ítems calificados de 0 (ninguno) a 4 (extremo) divididos en tres subescalas independientes,Diagnóstico y severidad,Adultos (ver Ficha_Tecnica),adultos,8 a 12 minutos (heteroadministrado mediante entrevista clínica semiestructurada),Escala de respuesta estructurada psicométrica,academico,"Académico, libre uso",SI,Eje I/BSPS,BSPS_ficha_tecnica.pdf,BSPS_protocolo.pdf,18 · Heteroaplicada
bsa_190,BSA,Brief Scale for Anxiety (Tyrer),"Escala Breve de Ansiedad de Tyrer (Brief Scale for Anxiety, BSA)","Peter Tyrer, R. T. Owen & Domenic V. Cicchetti (1984, J Neurol Neurosurg Psychiatry)","Bobes García, García-Portilla, Bascarán, Sáiz et al. (2004, Banco de Instrumentos / CIBERSAM)",Eje I,1,"Problemas, síntomas y riesgo",Ansiedad general (heteroaplicada),Ansiedad y fobia,,TAG; fobia social; crisis de angustia; pánico; agorafobia,Autoinforme,10 ítems evaluados en escala de 0 a 6 puntos con anclajes clínicos descriptivos detallados,Diagnóstico y severidad,Adultos (ver Ficha_Tecnica),adultos,10 a 15 minutos (heteroadministrada mediante entrevista clínica semiestructurada),Escala de respuesta estructurada psicométrica,academico,Público,SI,Eje I/BSA,BSA_ficha_tecnica.pdf,BSA_protocolo.pdf,10 · Heteroaplicada
tq_191,TQ,Trauma Questionnaire,Trauma Questionnaire (TQ / Davidson Trauma Questionnaire),"Jonathan R. T. Davidson, Dana Hughes y Dan G. Blazer (1990, 1996)","Julio Bobes et al. (2000, 2004); Banco de Instrumentos Básicos / CIBERSAM",Eje I,1,"Problemas, síntomas y riesgo",Exposición a eventos traumáticos,Trauma y estrés postraumático,,TEPT; trauma complejo; estrés agudo; disociación,Autoinforme,"Autoinforme estructurado o entrevista guiada con registro de ocurrencia (Sí/No), edad y duración",Evaluación pericial forense / Riesgo,Adultos (ver Ficha_Tecnica),adultos,8 a 12 minutos (18 acontecimientos traumáticos potenciales),Escala de respuesta estructurada psicométrica,academico,Académico,SI,Eje I/TQ,TQ_ficha_tecnica.pdf,TQ_protocolo.pdf,44 · Autoaplicada
dgrp_192,DGRP,Duke Global Rating Scale for PTSD,Duke Global Rating Scale for PTSD (DGRP),"Jonathan R. T. Davidson, R. H. Weisler, M. Malik y L. A. Tupler (1998)",Adaptación y baremación en población hispanohablante,Eje I,1,"Problemas, síntomas y riesgo",Cambio global en TEPT,Trauma y estrés postraumático,,TEPT; trauma complejo; estrés agudo; disociación,Heteroaplicado / Entrevista clínica,Escala heteroaplicada de juicio e impresión clínica estructurada,Diagnóstico y severidad,Adultos (ver Ficha_Tecnica),adultos,3 a 5 minutos (cumplimentada por el profesional de salud mental),Dos escalas Likert clínicas de 7 anclajes descriptivos (Gravedad y Cambio Global),academico,Académico,SI,Eje I/DGRP,DGRP_ficha_tecnica.pdf,DGRP_protocolo.pdf,4 · Heteroaplicada
dai_193,DAI,¡OJO! Archivo etiquetado DAI contiene la PANSS completa,Drug Attitude Inventory - Versión Breve de 10 ítems (DAI-10),"T. P. Hogan, A. G. Awad y M. R. Eastwood (1983)",Robles et al. (2004) y Banco de Instrumentos de Bobes et al. (2004),Eje I,1,"Problemas, síntomas y riesgo",Psicopatología general (positiva/negativa),Psicosis y experiencias delirantes,,esquizofrenia; síntomas positivos; delirio; alucinación,Autoinforme,Autoinforme estructurado breve de actitud terapéutica y adherencia,Diagnóstico y severidad,Adultos (ver Ficha_Tecnica),adultos,2 a 4 minutos (10 reactivos dicotómicos),Dicotómico: Verdadero / Falso,academico,"Restringido (PANSS es comercial, MHS)",SI,Eje I/DAI,DAI_ficha_tecnica.pdf,DAI_protocolo.pdf,10 · Autoaplicada
bdhi_194,BDHI,Buss-Durkee Hostility Inventory,"Inventario de Hostilidad de Buss-Durkee (Buss-Durkee Hostility Inventory, BDHI)","Arnold H. Buss & Ann Durkee (1957, Journal of Consulting Psychology)","Bobes García, García-Portilla, Bascarán et al. (2004, Banco de Instrumentos / CIBERSAM)",Eje I,1,"Problemas, síntomas y riesgo",Hostilidad/agresividad,"Agresividad, ira y violencia",,hostilidad; rabia; agresión física; conducta violenta,Autoinforme,75 ítems dicotómicos (Verdadero / Falso) agrupados en 7 subescalas de agresión más 1 de culpa,Diagnóstico y severidad,Adultos (ver Ficha_Tecnica),adultos,10 a 15 minutos (autoadministrado),Escala de respuesta estructurada psicométrica,academico,"Académico clásico, uso extendido",SI,Eje I/BDHI,BDHI_ficha_tecnica.pdf,BDHI_protocolo.pdf,75 · Autoaplicada
malt_195,MALT,Münchner Alkoholismustest,Münchner Alkoholismus Test (MALT / Test de Munich para el Alcoholismo),"Wilhelm Feuerlein, C. Ringer, K. A. Küfner y H. Busch (1977)",Helena Rodríguez-Martos et al. (1986); Banco de Instrumentos de Bobes et al. (2004),Eje I,1,"Problemas, síntomas y riesgo",Diagnóstico de alcoholismo,Sustancias y alcoholismo,,consumo problemático; AUDIT; abuso de drogas; dependencia; adicción,Autoinforme,Instrumento mixto: examen médico objetivo (MALT-M) + cuestionario autoinformado (MALT-S),Diagnóstico y severidad,Adultos (ver Ficha_Tecnica),adultos,"10 a 15 minutos en total (5 min parte médica, 8 min autoinforme)",MALT-M: 7 ítems clínicos valorados por el facultativo; MALT-S: 24 ítems dicotómicos Sí/No,academico,Académico,SI,Eje I/MALT,MALT_ficha_tecnica.pdf,MALT_protocolo.pdf,MALT-O: 7; MALT-S: 27 · MALT-O: heteroaplicada
isca_196,ISCA,Interrogatorio Sistematizado de Consumos Alcohólicos,Interrogatorio Sistematizado de Consumos Alcohólicos (ISCA),"Antoni Gual, M. Contel, L. Segura, A. Ribas y Joan Colom (Grup GAB, 2001)",Adaptación y baremación en población hispanohablante,Eje I,1,"Problemas, síntomas y riesgo",Consumo de alcohol,Sustancias y alcoholismo,,consumo problemático; AUDIT; abuso de drogas; dependencia; adicción,Heteroaplicado / Entrevista clínica,Entrevista clínica semiestructurada breve de cuantificación de consumo en UBE,Cribado / Triaje rápido,Adultos (ver Ficha_Tecnica),adultos,2 a 3 minutos (integrado en la anamnesis clínica habitual),Registro cuantitativo directo de consumos diferenciando días laborables y fines de semana,academico,Académico,SI,Eje I/ISCA,ISCA_ficha_tecnica.pdf,ISCA_protocolo.pdf,3 · Heteroaplicada
europasi_197,EuropASI,Índice Europeo de Gravedad de la Adicción,European Addiction Severity Index (EuropASI),Anna Kokkevi y C. Hartgers (1995); adaptación del ASI de A. Thomas McLellan et al. (1980),"Julio Bobes et al. (1996, 2004) y Grupo de Trabajo EuropASI España",Eje I,1,"Problemas, síntomas y riesgo",Gravedad multidimensional de adicción,Sustancias y alcoholismo,,consumo problemático; AUDIT; abuso de drogas; dependencia; adicción,Heteroaplicado / Entrevista clínica,Entrevista clínica semiestructurada multidimensional estandarizada,Diagnóstico y severidad,Adultos (ver Ficha_Tecnica),adultos,45 a 60 minutos en la evaluación basal (20-30 min en seguimientos evolutivos),Datos cuantitativos objetivos (días en el último mes y años históricos) y escalas de severidad (0-9),academico,"Académico, libre uso investigación/clínica",SI,Eje I/EuropASI,EuropASI_ficha_tecnica.pdf,EuropASI_protocolo.pdf,141 · Heteroaplicada
sadq_198,SADQ,Severity of Alcohol Dependence Questionnaire,Severity of Alcohol Dependence Questionnaire (SADQ),"Tim Stockwell, Ray Hodgson, Griffith Edwards, Colin Taylor y Howard Rankin (1979, 1983)",Alicia Rodríguez-Martos et al. (1986); Banco de Instrumentos de Bobes et al. (2004),Eje I,1,"Problemas, síntomas y riesgo",Severidad de dependencia alcohólica,Sustancias y alcoholismo,,consumo problemático; AUDIT; abuso de drogas; dependencia; adicción,Heteroaplicado / Entrevista clínica,Autoinforme estructurado o heteroadministrado con escala Likert de 4 puntos (0 a 3),Cribado / Triaje rápido,Adultos (ver Ficha_Tecnica),adultos,10 a 15 minutos (33 ítems referidos al periodo de mayor consumo en los últimos 6 meses),Escala de respuesta estructurada psicométrica,academico,Académico,SI,Eje I/SADQ,SADQ_ficha_tecnica.pdf,SADQ_protocolo.pdf,33 · Autoaplicada
eida_199,EIDA,Escala de la Intensidad de la Dependencia al Alcohol,Escala de la Intensidad de la Dependencia del Alcohol (EIDA),"Adaptación española del SADQ (Stockwell et al., 1979; Edwards & Gross, 1976)",Adaptación y baremación en población hispanohablante,Eje I,1,"Problemas, síntomas y riesgo",Dependencia alcohólica,Sustancias y alcoholismo,,consumo problemático; AUDIT; abuso de drogas; dependencia; adicción,Heteroaplicado / Entrevista clínica,Autoinforme o cuestionario heteroaplicado clínico estructurado,Diagnóstico y severidad,Adultos (ver Ficha_Tecnica),adultos,8 a 12 minutos (30 reactivos clínicos),"Escala tipo Likert de 4 opciones: Casi nunca (0), A veces (1), A menudo (2), Casi siempre (3)",academico,Académico,SI,Eje I/EIDA,EIDA_ficha_tecnica.pdf,EIDA_protocolo.pdf,30 · Autoaplicada
ocds_200,OCDS,Obsessive Compulsive Drinking Scale,Obsessive Compulsive Drinking Scale (OCDS),"Raymond F. Anton, D. H. Moak y P. K. Latham (1995, 1996)","Josep Guardia, C. Segura, J. Gonzalvo, B. Trujols et al. (2001); Bobes et al. (2004)",Eje I,1,"Problemas, síntomas y riesgo",Craving/compulsión por alcohol,Sustancias y alcoholismo,,consumo problemático; AUDIT; abuso de drogas; dependencia; adicción,Autoinforme,Autoinforme psicométrico dimensional estructurado,Diagnóstico y severidad,Adultos (ver Ficha_Tecnica),adultos,5 a 8 minutos (14 reactivos tipo Likert de 5 opciones),Escala ordinal de 5 puntos: 0 (Ninguno / Nada) a 4 (Extremo / Máximo),academico,Académico,SI,Eje I/OCDS,OCDS_ficha_tecnica.pdf,OCDS_protocolo.pdf,14 · Autoaplicada
edi2_201,EDI-2,Inventario de Trastornos de la Conducta Alimentaria-2,Eating Disorder Inventory - 2 (EDI-2),"David M. Garner (1991); versión inicial EDI por Garner, Olmsted y Polivy (1983)","Guimerá y Torrubia (1987); TEA Ediciones (Garner, 1998)",Eje I,1,"Problemas, síntomas y riesgo",Conducta alimentaria,Conducta alimentaria e imagen corporal,,Eating behavior; Conducta alimentaria; Imagen corporal; Autoimagen; Conducta alimentaria patológica; Anorexia; Bulimia; Disortodinia,Autoinforme,Autoinforme psicométrico multidimensional,Diagnóstico y severidad,Adultos (ver Ficha_Tecnica),adultos,15 a 25 minutos (91 ítems EDI-2 o 64 ítems nucleares EDI),Escala tipo Likert de 6 puntos (Nunca a Siempre; puntuación clínica 0-3),academico,Restringido (Garner/PAR),SI,Eje I/EDI-2,EDI-2_ficha_tecnica.pdf,EDI-2_protocolo.pdf,64 · Autoaplicada
bite_202,BITE,Bulimic Investigatory Test Edinburgh,"_Bulimic Investigatory Test, Edinburgh (BITE)_","M. Henderson y C. P. Freeman (1987), University of Edinburgh.","Rivas, Zerpa, Castro y Puigcerver (2004, validación de referencia); Bobes et al. (2004, CIBERSAM).",Eje I,1,"Problemas, síntomas y riesgo",Síntomas bulímicos,Conducta alimentaria e imagen corporal,,Eating behavior; Conducta alimentaria; Imagen corporal; Autoimagen; Conducta alimentaria patológica; Anorexia; Bulimia; Disortodinia,Autoinforme,Autoinforme de 33 reactivos estructurado en dos escalas: Subescala de Síntomas (30 ítems) y Subescala de Gravedad (3 ítems).,Diagnóstico y severidad,Adultos (ver Ficha_Tecnica),adultos,8 a 12 minutos.,Escala de respuesta estructurada psicométrica,academico,Académico,SI,Eje I/BITE,BITE_ficha_tecnica.pdf,BITE_protocolo.pdf,33 · Autoaplicada
cos_203,COS,Cuestionario Oviedo de Calidad del Sueño,"Cuestionario Oviedo de Sueño (COS; Bobes et al., 1998, 2000; Universidad de Oviedo).","Julio Bobes, M. Paz González, Pilar A. Sáiz, M. Teresa Bascarán, Celso Iglesias y J. M. Fernández.",Adaptación y baremación en población hispanohablante,Eje VI,6,Salud física y estilo de vida,Calidad del sueño,Sueño y ritmos circadianos,,sueño; ritmos circadianos; horquillas; desajuste circadiano; insomnio; somnolencia diurna,Heteroaplicado / Entrevista clínica,Entrevista semiestructurada heteroaplicada (o autoinforme supervisado en consulta).,Diagnóstico y severidad,Adultos (ver Ficha_Tecnica),adultos,5 a 8 minutos de cumplimentación y valoración de las últimas 4 semanas de sueño.,15 reactivos clínicos organizados en 3 subescalas independientes y preguntas de hipnóticos.,academico,"Académico, libre uso",SI,Eje VI/COS,COS_ficha_tecnica.pdf,COS_protocolo.pdf,15 · Heteroaplicada
csfq_204,CSFQ,Changes in Sexual Functioning Questionnaire,"Changes in Sexual Functioning Questionnaire - Short Form (CSFQ-14; Clayton et al., 1997; Keller et al., 2006).","Anita H. Clayton, M.D., Elizabeth L. McGarvey, Ph.D. y G. J. Clavet (University of Virginia).",Bobes et al. (2000); Montejo et al.; validación en España por el Grupo de Trabajo de Psiquiatría.,Eje VI,6,Salud física y estilo de vida,Funcionamiento sexual,Salud sexual,,salud sexual; sexualidad; salud reproductiva; sexualidad humana; salud sexual y reproductiva; salud sexual integral,Autoinforme,Cuestionario de autoinforme estructurado (versiones diferenciadas para hombres y mujeres).,Diagnóstico y severidad,Adultos (ver Ficha_Tecnica),adultos,5 a 7 minutos de cumplimentación autónoma con instrucciones claras.,14 reactivos evaluados en escala Likert de 5 opciones (1 a 5; rango 14 a 70 puntos).,academico,Académico,SI,Eje VI/CSFQ,CSFQ_ficha_tecnica.pdf,CSFQ_protocolo.pdf,36 para los varones y 34 para las mujeres · Heteroaplicada y autoaplicada
iief_205,IIEF,Índice Internacional de Función Eréctil,"International Index of Erectile Function (IIEF; Rosen et al., 1997; Pfizer Inc. / UMDNJ).","Raymond C. Rosen, Ph.D., A. Cappelleri, M. D. Smith, J. Lipsky y B. M. Peña.",Martín-Morales et al. (2001; estudio EDEM en España); Bobes et al. (2002).,Eje VI,6,Salud física y estilo de vida,Función eréctil,Salud sexual,,salud sexual; sexualidad; salud reproductiva; sexualidad humana; salud sexual y reproductiva; salud sexual integral,Autoinforme,Cuestionario de autoinforme específico para varones sexualmente activos en las últimas 4 semanas.,Diagnóstico y severidad,Adultos (ver Ficha_Tecnica),adultos,8 a 10 minutos de cumplimentación autónoma presencial o telemática.,15 ítems evaluados en escala tipo Likert de 0 a 5 puntos agrupados en 5 dominios clínicos.,academico,"Académico, libre uso clínico",SI,Eje VI/IIEF,IIEF_ficha_tecnica.pdf,IIEF_protocolo.pdf,15 · Autoaplicada
mghsfq_206,MGH-SFQ,Massachusetts General Hospital Sexual Functioning Q.,"Massachusetts General Hospital Sexual Functioning Questionnaire (MGH-SFQ; Fava et al., 1998).","Maurizio Fava, M.D., J. E. Rankin, E. C. Wright, J. J. Alpert, A. A. Nierenberg y J. F. Rosenbaum.",Bobes et al. (2002); Montejo et al. (2008); validación ambulatoria en psiquiatría española.,Eje VI,6,Salud física y estilo de vida,Funcionamiento sexual,Salud sexual,,salud sexual; sexualidad; salud reproductiva; sexualidad humana; salud sexual y reproductiva; salud sexual integral,Autoinforme,Cuestionario de autoinforme de cribado rápido (utilizable en cualquier consulta médica).,Diagnóstico y severidad,Adultos (ver Ficha_Tecnica),adultos,1 a 2 minutos de respuesta ágil en la sala de espera o entrevista médica.,5 reactivos evaluados en escala ordinal de cambio respecto al nivel habitual (0 a 4 puntos).,academico,Académico,SI,Eje VI/MGH-SFQ,MGH-SFQ_ficha_tecnica.pdf,MGH-SFQ_protocolo.pdf,5 · Autoaplicada
asex_207,ASEX,Arizona Sexual Experience Scale,"Arizona Sexual Experience Scale (ASEX; McGahuey et al., 2000; University of Arizona).","C. A. McGahuey, M.D., F. J. Delgado, F. A. Moreno, R. Laukes, M. J. Gelenberg y P. L. Delgado.",García-Portilla et al. (2005); Bobes et al. (2002); Rodríguez-Bailón et al. (2012).,Eje VI,6,Salud física y estilo de vida,Funcionamiento sexual,Salud sexual,,salud sexual; sexualidad; salud reproductiva; sexualidad humana; salud sexual y reproductiva; salud sexual integral,Heteroaplicado / Entrevista clínica,Cuestionario breve de autoinforme estructurado (o administrado en entrevista clínica).,Diagnóstico y severidad,Adultos (ver Ficha_Tecnica),adultos,2 a 3 minutos de rápida cumplimentación en consulta ambulatoria o de hospitalización.,5 reactivos evaluados en escala tipo Likert de 6 puntos (1 a 6; rango 5 a 30 puntos).,academico,"Académico, libre uso",SI,Eje VI/ASEX,ASEX_ficha_tecnica.pdf,ASEX_protocolo.pdf,5 · Autoaplicada
bwsq_208,BWSQ,Benzodiazepine Withdrawal Symptom Questionnaire,"Benzodiazepine Withdrawal Symptom Questionnaire (BWSQ; Tyrer, Murphy & O'Neill, 1990).","Peter Tyrer, M.D., FRCPsych, D. Murphy y I. O'Neill (St. Mary's Hospital Medical School, Londres).",Bobes et al. (2002); Bulbena et al.; Socidrogalcohol; validación clínica en España.,Eje VI,6,Salud física y estilo de vida,Abstinencia de benzodiacepinas,Sustancias y alcoholismo,,consumo problemático; AUDIT; abuso de drogas; dependencia; adicción,Autoinforme,Cuestionario de autoinforme estructurado específico para procesos de deshabituación.,Diagnóstico y severidad,Adultos (ver Ficha_Tecnica),adultos,5 a 8 minutos de cumplimentación autónoma o guiada en consulta médica/psicológica.,20 ítems evaluados en escala Likert de 3 opciones (0 a 2; rango 0 a 40 puntos).,academico,Académico,SI,Eje VI/BWSQ,BWSQ_ficha_tecnica.pdf,BWSQ_protocolo.pdf,20 · Autoaplicada
sas_209,SAS,Simpson-Angus Scale,"Simpson-Angus Scale for Extrapyramidal Side Effects (SAS; Simpson & Angus, 1970).","George M. Simpson, M.D. y J. William S. Angus, M.B., Ch.B. (Rockland State Hospital).",Bobes et al. (2002); Bulbena et al.; Grupo Español de Farmacovigilancia Psiquiátrica.,Eje VI,6,Salud física y estilo de vida,Parkinsonismo/extrapiramidalismo inducido,Efectos de psicofármacos,,efectos secundarios; extrapiramidalismo; sedación; temblor,Heteroaplicado / Entrevista clínica,Escala heteroaplicada de exploración neurológica clínica mediante maniobras físicas.,Diagnóstico y severidad,Adultos (ver Ficha_Tecnica),adultos,8 a 10 minutos de exploración física reglada en camilla y bipedestación.,"10 ítems (marcha, rigidez axial, rigidez de extremidades, temblor y salivación).",academico,"Académico, libre uso clínico",SI,Eje VI/SAS,SAS_ficha_tecnica.pdf,SAS_protocolo.pdf,10 · Heteroaplicada
uku_210,UKU,UKU Side Effect Rating Scale,"UKU Side Effect Rating Scale (Lingjaerde, Ahlfors, Bech, Dencker & Elgen, 1987).","Ottar Lingjaerde, M.D., U. G. Ahlfors, Per Bech, S. J. Dencker y K. Elgen (Sociedad Escandinava).",Bobes et al. (2002); Banco de Instrumentos CIBERSAM; versión española validada.,Eje VI,6,Salud física y estilo de vida,Efectos secundarios de psicofármacos,Efectos de psicofármacos,,efectos secundarios; extrapiramidalismo; sedación; temblor,Heteroaplicado / Entrevista clínica,Entrevista clínica estructurada heteroaplicada combinada con examen físico breve.,Diagnóstico y severidad,Adultos (ver Ficha_Tecnica),adultos,15 a 20 minutos de revisión sistemática estructurada en consulta clínica.,48 reactivos clínicos centrales (ampliable a 56) agrupados en 4 dominios y juicio de causalidad.,academico,Académico,SI,Eje VI/UKU,UKU_ficha_tecnica.pdf,UKU_protocolo.pdf,56 · Heteroaplicada
eeaggaf_211,EEAG-GAF,Escala de Evaluación de la Actividad Global,"Global Assessment of Functioning Scale (GAF; APA, 1987, 2000; basada en GAS de Endicott, 1976).","American Psychiatric Association (APA; Washington, DC, EE.UU.).","Criterios oficiales DSM-IV-TR (Masson / Editorial Médica Panamericana, España y LatAm).",Eje IV,4,"Funcionamiento, adaptación y recursos",Funcionamiento global (eje V del DSM-IV),Funcionamiento y discapacidad,,funcionalidad; discapacidad intelectual; discapacidad física; discapacidad psíquica; adaptabilidad; autonomía,Autoinforme,Escala de juicio clínico cuantitativo graduada de 1 a 100 puntos agrupados en deciles.,Diagnóstico y severidad,Adultos (ver Ficha_Tecnica),adultos,2 a 3 minutos de juicio profesional tras la entrevista clínica diagnóstica.,Escala de respuesta estructurada psicométrica,academico,Público (derivado de criterios DSM),SI,Eje IV/EEAG-GAF,EEAG-GAF_ficha_tecnica.pdf,EEAG-GAF_protocolo.pdf,1 · Heteroaplicada
sdi_212,SDI,Sheehan Disability Inventory,"Sheehan Disability Scale (SDS; Sheehan, Harnett-Sheehan & Raj, 1996).","David V. Sheehan, M.D., Kathy Harnett-Sheehan, Ph.D. y B. Ashok Raj, M.D.","Bobes, González, Bousoño et al. (1999); Universidad de Oviedo / CIBERSAM.",Eje IV,4,"Funcionamiento, adaptación y recursos",Discapacidad funcional,Funcionamiento y discapacidad,,funcionalidad; discapacidad intelectual; discapacidad física; discapacidad psíquica; adaptabilidad; autonomía,Heteroaplicado / Entrevista clínica,Escala visual analógica autoadministrada o heteroaplicada breve (3 dominios + 2 índices).,Diagnóstico y severidad,Adultos (ver Ficha_Tecnica),adultos,2 a 4 minutos de rápida cumplimentación.,Escala numérica de 11 puntos (0 a 10) con anclajes cualitativos de gravedad.,academico,"Académico, libre uso",SI,Eje IV/SDI,SDI_ficha_tecnica.pdf,SDI_protocolo.pdf,5 · Heteroaplicada y autoaplicada
sass_213,SASS,Social Adaptation Self-evaluation Scale,"Social Adaptation Self-evaluation Scale (SASS; Bosc, Dubini & Polin, 1997).","Michel Bosc, M.D., A. Dubini, M.D. y V. Polin, M.D. (Francia / Suiza).","Bobes, González, Bousoño et al. (1999); Universidad de Oviedo / CIBERSAM.",Eje IV,4,"Funcionamiento, adaptación y recursos",Adaptación social,Apoyo social y familia,,red de apoyo; funcionamiento familiar; dinámica de pareja,Autoinforme,Cuestionario de autoinforme estructurado (21 reactivos con bifurcación laboral).,Diagnóstico y severidad,Adultos (ver Ficha_Tecnica),adultos,8 a 12 minutos de cumplimentación autónoma.,Escala Likert graduada de 4 puntos (0 = peor ajuste a 3 = óptima adaptación).,academico,Académico,SI,Eje IV/SASS,SASS_ficha_tecnica.pdf,SASS_protocolo.pdf,21 · Autoaplicada
qls_214,QLS,Quality of Life Scale (Heinrichs),"Quality of Life Scale (QLS; Heinrichs, Hanlon & Carpenter, 1984).","Douglas W. Heinrichs, M.D., Thomas E. Hanlon, Ph.D. y William T. Carpenter Jr., M.D.","Rodríguez et al. (1995); Bobes, García-Portilla, Bascarán, Sáiz et al. (2007); CIBERSAM.",Eje IV,4,"Funcionamiento, adaptación y recursos",Calidad de vida en esquizofrenia,Calidad de vida,,Quality of life; QoL; Calidad de vida; Vida diaria; Bienestar; Salud mental; Salud física,Heteroaplicado / Entrevista clínica,Entrevista clínica semiestructurada heteroaplicada por profesional entrenado.,Diagnóstico y severidad,Adultos (ver Ficha_Tecnica),adultos,30 a 45 minutos de entrevista clínica detallada con paciente y allegados.,Escala de respuesta estructurada psicométrica,academico,Académico,SI,Eje IV/QLS,QLS_ficha_tecnica.pdf,QLS_protocolo.pdf,21 · Heteroaplicada
cscv_215,CSCV,Cuestionario Sevilla de Calidad de Vida,"Cuestionario Sevilla de Calidad de Vida (Giner et al., 1997).","J. Giner, E. Ibáñez, E. Baca, J. Bobes, C. Leal y S. Cervera (Grupo de Calidad de Vida en Psiquiatría).",Adaptación y baremación en población hispanohablante,Eje IV,4,"Funcionamiento, adaptación y recursos",Calidad de vida,Calidad de vida,,Quality of life; QoL; Calidad de vida; Vida diaria; Bienestar; Salud mental; Salud física,Autoinforme,Autoinforme específico de 59 reactivos con escala Likert de 5 puntos (0 a 4).,Diagnóstico y severidad,Adultos (ver Ficha_Tecnica),adultos,15 a 25 minutos en administración supervisada o autoadministrada asistida.,Escala de respuesta estructurada psicométrica,academico,Académico,SI,Eje IV/CSCV,CSCV_ficha_tecnica.pdf,CSCV_protocolo.pdf,59 · Autoaplicada
qlds_216,QLDS,Quality of Life Depression Scale,"Quality of Life in Depression Scale (QLDS; Hunt & McKenna, 1992).","Sonja M. Hunt, Ph.D. y Stephen P. McKenna, Ph.D. (Galen Research / Univ. Manchester).","Bobes, Bulbena, Luque et al. (1997, 2004); Validación en población psiquiátrica española.",Eje IV,4,"Funcionamiento, adaptación y recursos",Calidad de vida en depresión,Depresión y estado de ánimo,,depresión mayor; distimia; afecto negativo; anhedonia; ánimo bajo,Autoinforme,Cuestionario de autoinforme específico para trastornos depresivos.,Diagnóstico y severidad,Adultos (ver Ficha_Tecnica),adultos,5 a 8 minutos de cumplimentación autónoma.,Escala de respuesta estructurada psicométrica,academico,"Académico, licencia de autor",SI,Eje IV/QLDS,QLDS_ficha_tecnica.pdf,QLDS_protocolo.pdf,22 · Autoaplicada
adrql_217,ADRQL,Alzheimer's Disease Related Quality of Life,"Alzheimer's Disease-Related Quality of Life (ADRQL; Rabins et al., 1999).","Peter V. Rabins, M.D., Judith D. Kasper, Ph.D., L. Kleinman, B. S. Black y Donald L. Patrick, Ph.D.",Martínez et al. (2004); Gómez-Gallego et al. (2012); España y Latinoamérica.,Eje IV,4,"Funcionamiento, adaptación y recursos",Calidad de vida en demencia,Cribado cognitivo y demencias,,Cognitive screening; Cribado cognitivo; Demencia; Alzheimer; Enfermedad de Alzheimer; Deterioro cognitivo; Evaluación cognitiva; Prueba cognitiva,Observacional / Registro conductual,Heteroinforme completado por el cuidador principal / informador clave (47 reactivos dicotómicos).,Diagnóstico y severidad,Adultos (ver Ficha_Tecnica),adultos,15 a 20 minutos de administración por el cuidador primario o profesional.,Escala de respuesta estructurada psicométrica,academico,Académico,SI,Eje IV/ADRQL,ADRQL_ficha_tecnica.pdf,ADRQL_protocolo.pdf,47 · Heteroaplicada
npi-n_218,NPI-N,Narcissistic Personality Inventory,"Narcissistic Personality Inventory (NPI-40; Raskin & Terry, 1988).","Dr. Robert N. Raskin y Dr. Howard Terry (Universidad de California, Berkeley).",Grijalva et al. (2015); Sánchez-García et al.; adaptaciones validadas en España.,Eje III,3,"Personalidad, identidad y valores",Rasgos de personalidad narcisista,Personalidad patológica,,TLP; narcisismo; psicopatía; tríada oscura; desapego,Autoinforme,"Autoinforme de 40 pares diádicos de elección forzada (opción narcisista = 1 pto, no narcisista = 0 pts).",Diagnóstico y severidad,Adultos,adultos,10 a 15 minutos en autoadministración.,Escala de respuesta estructurada psicométrica,academico,"Académico, uso libre investigación (sin traducción española verificada)",SI,Eje III/NPI-N,NPI-N_ficha_tecnica.pdf,NPI-N_protocolo.pdf,40 · Autoaplicada
aim-a_219,AIM-A,Affect Intensity Measure,_Affect Intensity Measure (AIM-A)_,"Dr. Randy J. Larsen (1984), University of Michigan / Washington University in St. Louis.",Martínez-Sánchez et al. (1994); Flett et al. (1996); Fernández-Berrocal et al.,Eje II,2,Procesos psicológicos y mantenimiento,Intensidad de la reactividad afectiva,Regulación emocional,,regulación emocional; homeostasis emocional; estabilidad emocional; disfunción emocional; control emocional; regulación afectiva,Autoinforme,Autoinforme de reactividad disposicional de 20 reactivos con escala Likert de 6 puntos (1 a 6).,Monitoreo de proceso / Evolución,Adultos,adultos,3 a 5 minutos en autoadministración; 6 minutos asistido.,Escala de respuesta estructurada psicométrica,academico,"Académico, uso libre investigación (sin traducción española verificada)",SI,Eje II/AIM-A,AIM-A_ficha_tecnica.pdf,AIM-A_protocolo.pdf,40 · Autoaplicada
top-8_220,TOP-8,Escala de 8 ítems para los Resultados del Tratamiento del TEPT,Treatment Outcome PTSD Scale (TOP-8),Jonathan R. T. Davidson y James T. Colket (1997),"Julio Bobes et al. (2000, 2004); Banco de Instrumentos Básicos / CIBERSAM",Eje I,1,"Problemas, síntomas y riesgo",Respuesta al tratamiento en TEPT,Trauma y estrés postraumático,,TEPT; trauma complejo; estrés agudo; disociación,Heteroaplicado / Entrevista clínica,Heteroaplicada por clínico o profesional de la salud mental con escala Likert de 5 puntos (0 a 4),Diagnóstico y severidad,Adultos,adultos,3 a 5 minutos (8 ítems referidos a la última semana),Escala de respuesta estructurada psicométrica,academico,"Académico, descarga oficial gratuita CIBERSAM",SI,Eje I/TOP-8,TOP-8_ficha_tecnica.pdf,TOP-8_protocolo.pdf,8 · Heteroaplicada
eat-40_new,EAT-40,Test de Actitudes hacia la Alimentación (40 ítems),_Eating Attitudes Test - 40 Item Form (EAT-40)_,"David M. Garner y Paul E. Garfinkel (1979), University of Toronto.","Castro, Toro, Salamero y Guimerá (1991); Toro, Castro, García et al. (1989); Guimerá y Torrubia (1987).",Eje I,1,"Problemas, síntomas y riesgo",Trastornos de la conducta alimentaria,Trastornos de la conducta alimentaria,,EAT-40; Test de Actitudes hacia la Alimentación (40 ítems),Autoinforme,"Autoinforme de 40 reactivos politómicos de 6 opciones corregidos asimétricamente (0, 0, 0, 1, 2, 3).",Diagnóstico y severidad,Adolescentes y adultos,adultos,10 a 15 minutos.,Escala de respuesta estructurada psicométrica,abierto,Sí (Investigación y clínica sin fines de lucro),SI,Eje I/EAT-40,EAT-40_ficha_tecnica.pdf,EAT-40_protocolo.pdf,Protocolo clínico de evaluación · EAT-40
eat-26_new,EAT-26,Test de Actitudes hacia la Alimentación - Versión Abreviada (26 ítems),_Eating Attitudes Test - 26 Item Version (EAT-26)_,"David M. Garner, Marion P. Olmsted, Yvonne Bohr y Paul E. Garfinkel (1982).","Castro, Toro, Salamero y Guimerá (1991, validación española de referencia); Gandarillas et al. (2003).",Eje I,1,"Problemas, síntomas y riesgo",Trastornos de la conducta alimentaria,Trastornos de la conducta alimentaria,,EAT-26; Test de Actitudes hacia la Alimentación - Versión Abreviada (26 ítems),Autoinforme,"Autoinforme de 26 reactivos politómicos de 6 anclajes con corrección asimétrica (0, 0, 0, 1, 2, 3).",Cribado / Triaje rápido,Adolescentes y adultos,adultos,5 a 8 minutos.,Escala de respuesta estructurada psicométrica,abierto,Sí (Libre uso clínico e investigación),SI,Eje I/EAT-26,EAT-26_ficha_tecnica.pdf,EAT-26_protocolo.pdf,Protocolo clínico de evaluación · EAT-26
eat-40-sergas_new,EAT-40-SERGAS,Test de Actitudes hacia la Alimentación (Formato SERGAS),Eating Attitudes Test (EAT-40) - Formato Protocolizado SERGAS / SNS,David M. Garner y Paul E. Garfinkel (1979),"Josep Castro, Josep Toro, Manel Salamero y Ernest Guimerá (1991)",Eje I,1,"Problemas, síntomas y riesgo",Trastornos de la conducta alimentaria,Trastornos de la conducta alimentaria,,EAT-40-SERGAS; Test de Actitudes hacia la Alimentación (Formato SERGAS),Autoinforme,Autoinforme estructurado de actitudes patológicas y conductas alimentarias,Diagnóstico y severidad,Adolescentes y adultos,adultos,7 a 10 minutos (40 reactivos tipo Likert de 6 opciones),Escala Likert de 6 puntos: Nunca (0) a Siempre (3) (con 6 ítems invertidos),abierto,Sí (Sanitario público SNS),SI,Eje I/EAT-40-SERGAS,EAT-40-SERGAS_ficha_tecnica.pdf,EAT-40-SERGAS_protocolo.pdf,Protocolo clínico de evaluación · EAT-40-SERGAS
cage_new,CAGE,Cuestionario CAGE para Detección de Alcoholismo,Cuestionario CAGE para la Detección del Trastorno por Uso de Alcohol (CAGE Questionnaire),"John A. Ewing (1984, JAMA; concebido originalmente en 1968)","A. Rodríguez-Martos, J. Navarro, P. Vecino & R. Pérez (1986, Med Clin); Bobes et al. (2004)",Eje I,1,"Problemas, síntomas y riesgo",Consumo de alcohol y adicciones,Consumo de alcohol y adicciones,,CAGE; Cuestionario CAGE para Detección de Alcoholismo,Autoinforme,4 preguntas dicotómicas (Sí / No) de formulación clínica directa no culpabilizadora,Cribado / Triaje rápido,Adolescentes y adultos,adultos,1 a 2 minutos (administrado verbalmente en la entrevista o autoadministrado),Escala de respuesta estructurada psicométrica,abierto,Sí (Dominio público),SI,Eje I/CAGE,CAGE_ficha_tecnica.pdf,CAGE_protocolo.pdf,Protocolo clínico de evaluación · CAGE
abs_new,ABS,Escala de Comportamiento Agitado de Corrigan (ABS),_Agitated Behavior Scale (ABS)_,John D. Corrigan (1989; Ohio State University),Adaptación y baremación en población hispanohablante,Eje I,1,"Problemas, síntomas y riesgo",Agitación psicomotriz e impulsividad aguda,Agitación psicomotriz e impulsividad aguda,,ABS; Escala de Comportamiento Agitado de Corrigan (ABS),Observacional / Registro conductual,14 ítems conductuales operativos calificados mediante escala tipo Likert de 4 grados (1 = Ausente a 4 = Extremo).,Evaluación pericial forense / Riesgo,Pacientes hospitalizados y adultos,adultos,5 a 15 minutos,Escala de respuesta estructurada psicométrica,abierto,Sí (Libre asistencial / Ohio State Univ.),SI,Eje I/ABS,ABS_ficha_tecnica.pdf,ABS_protocolo.pdf,Protocolo clínico de evaluación · ABS
scps_new,SCPS,Escala Pronóstica para la Esquizofrenia de Strauss y Carpenter,Strauss-Carpenter Prognostic Scale (SCPS),"John S. Strauss y William T. Carpenter Jr. (1974, 1977)",Estudio Piloto Internacional de Esquizofrenia (IPSS / OMS); Bobes et al. (2004),Eje I,1,"Problemas, síntomas y riesgo",Psicosis y curso pronóstico,Psicosis y curso pronóstico,,SCPS; Escala Pronóstica para la Esquizofrenia de Strauss y Carpenter,Heteroaplicado / Entrevista clínica,Heteroaplicada mediante entrevista clínica semiestructurada e historia biográfica del paciente,Diagnóstico y severidad,Adultos con esquizofrenia,adultos,15 a 25 minutos (revisión de historia clínica y anamnesis de 12 dimensiones),Escala de respuesta estructurada psicométrica,abierto,Sí (Dominio público OMS),SI,Eje I/SCPS,SCPS_ficha_tecnica.pdf,SCPS_protocolo.pdf,Protocolo clínico de evaluación · SCPS
sds_new,SDS,Escala de Autoevaluación de la Depresión de Zung y Conde (SDS),Self-Rating Depression Scale (SDS),William W. K. Zung (1965),"Valeriano Conde López, J. A. Escribá y J. Izquierdo (1970); Conde y Franch (1984)",Eje I,1,"Problemas, síntomas y riesgo",Depresión y estado de ánimo,Depresión y estado de ánimo,,SDS; Escala de Autoevaluación de la Depresión de Zung y Conde (SDS),Autoinforme,Autoinforme estructurado con escala ordinal Likert de 4 puntos (1 a 4),Diagnóstico y severidad,Adolescentes y adultos,adultos,5 a 8 minutos (20 ítems),Escala de respuesta estructurada psicométrica,abierto,Sí (Dominio público),SI,Eje I/SDS,SDS_ficha_tecnica.pdf,SDS_protocolo.pdf,Protocolo clínico de evaluación · SDS
sis_new,SIS,Escala de Intencionalidad Suicida de Beck (SIS),Suicide Intent Scale (SIS),"Aaron T. Beck, Dean Schuyler e Irene Herman (1974)",Julio Bobes et al. (2002); Ferran Viñas-Poch et al. (2004); Banco CIBERSAM,Eje I,1,"Problemas, síntomas y riesgo",Riesgo y conducta suicida,Riesgo y conducta suicida,,SIS; Escala de Intencionalidad Suicida de Beck (SIS),Heteroaplicado / Entrevista clínica,Heteroaplicada mediante entrevista clínica semiestructurada e informe colateral tras tentativa,Evaluación pericial forense / Riesgo,Pacientes con tentativas autolíticas,adultos,10 a 15 minutos (20 ítems puntuados de 0 a 2),Escala de respuesta estructurada psicométrica,abierto,Sí (Uso clínico y hospitalario),SI,Eje I/SIS,SIS_ficha_tecnica.pdf,SIS_protocolo.pdf,Protocolo clínico de evaluación · SIS
rs-plutchik_new,RS-Plutchik,Escala de Riesgo Suicida de Plutchik,Plutchik's Suicide Risk Scale (SRS),"Robert Plutchik, Herman M. van Praag, Hope R. Conte y Susan Picard (1989)","G. Rubio, M. Morales, A. Rubio, J. Cabrerizo, J. L. San Román, M. A. Sánchez-Teruel et al. (1998)",Eje I,1,"Problemas, síntomas y riesgo",Riesgo y conducta suicida,Riesgo y conducta suicida,,RS-Plutchik; Escala de Riesgo Suicida de Plutchik,Autoinforme,Autoinforme dicotómico (Sí / No) de cumplimentación ultrarrápida,Evaluación pericial forense / Riesgo,Adolescentes y adultos,adultos,3 a 5 minutos (15 ítems),Escala de respuesta estructurada psicométrica,abierto,Sí (Académico y clínico),SI,Eje I/RS-Plutchik,RS-Plutchik_ficha_tecnica.pdf,RS-Plutchik_protocolo.pdf,Protocolo clínico de evaluación · RS-Plutchik
bsds_new,BSDS,Escala Diagnóstica del Espectro Bipolar de Ghaemi,_Bipolar Spectrum Diagnostic Scale (BSDS)_,Ronald W. Pies (diseño original narrativo); validado por S. Nassir Ghaemi et al. (2005).,"Bulbena et al. (2011, validación clínica española); Grupo de Trastornos Bipolares de Barcelona.",Eje I,1,"Problemas, síntomas y riesgo",Trastorno bipolar y ciclotimia,Trastorno bipolar y ciclotimia,,BSDS; Escala Diagnóstica del Espectro Bipolar de Ghaemi,Autoinforme,Autoinforme de formato narrativo mixto: historia vital de 19 frases más pregunta de concordancia global.,Cribado / Triaje rápido,Adultos,adultos,6 a 10 minutos.,Escala de respuesta estructurada psicométrica,abierto,Sí (Libre uso asistencial),SI,Eje I/BSDS,BSDS_ficha_tecnica.pdf,BSDS_protocolo.pdf,Protocolo clínico de evaluación · BSDS
hars_new,HARS,Escala de Hamilton para la Ansiedad (HAM-A),Hamilton Anxiety Rating Scale (HARS / HAM-A),Max Hamilton (1959),"Bulbena et al. (Grup Sant Pau, 1994); Lobo et al. (2002); Bobes et al. (2004)",Eje I,1,"Problemas, síntomas y riesgo",Ansiedad psíquica y somática,Ansiedad psíquica y somática,,HARS; Escala de Hamilton para la Ansiedad (HAM-A),Heteroaplicado / Entrevista clínica,Escala de entrevista clínica semiestructurada heteroaplicada,Diagnóstico y severidad,Adolescentes y adultos,adultos,15 a 20 minutos (administrada por clínico entrenado),Escala tipo Likert de 5 puntos: 0 (Ausente) a 4 (Muy grave / incapacitante),abierto,Sí (Dominio público),SI,Eje I/HARS,HARS_ficha_tecnica.pdf,HARS_protocolo.pdf,Protocolo clínico de evaluación · HARS
pas_new,PAS,Escala de Pánico y Agorafobia de Bandelow (PAS),Panic and Agoraphobia Scale (PAS / Escala de Pánico y Agorafobia),Borwin Bandelow (1995) - Universidad de Gotinga (Alemania),Banco de Instrumentos de Bobes et al. (2004) y Grupo de Trabajo de Trastornos de Ansiedad,Eje I,1,"Problemas, síntomas y riesgo",Pánico y agorafobia,Pánico y agorafobia,,PAS; Escala de Pánico y Agorafobia de Bandelow (PAS),Heteroaplicado / Entrevista clínica,Escala de evaluación clínica estructurada (versión heteroaplicada y autoinforme correlacionado),Diagnóstico y severidad,Adultos,adultos,8 a 12 minutos (13 reactivos estructurados),Escala tipo Likert clínica de 5 puntos: 0 (Ninguno / Ausente) a 4 (Extremo / Totalmente incapacitante),abierto,Sí (Académico e investigación clínica),SI,Eje I/PAS,PAS_ficha_tecnica.pdf,PAS_protocolo.pdf,Protocolo clínico de evaluación · PAS
diario-panico_new,Diario-Panico,Trastorno de Pánico: Diario del Paciente (Autorregistro TCC),Diario del Paciente para el Trastorno de Pánico (Panic Attack Record - PAR),"David H. Barlow y Michelle G. Craske (Center for Anxiety and Related Disorders, 1994, 2007)",Adaptación y baremación en población hispanohablante,Eje I,1,"Problemas, síntomas y riesgo",Crisis de angustia y pánico,Crisis de angustia y pánico,,Diario-Panico; Trastorno de Pánico: Diario del Paciente (Autorregistro TCC),Observacional / Registro conductual,Autorregistro ecológico estructurado por episodios / diario de campo ambulatorio,Monitoreo de proceso / Evolución,Adultos,adultos,2 a 3 minutos por cada crisis registrada inmediatamente tras el episodio,"Formulario de registro secuencial: parámetros objetivos, síntomas interoceptivos, escala SUDS (0-10) y cogniciones",abierto,Sí (Libre uso clínico),SI,Eje I/Diario-Panico,Diario-Panico_ficha_tecnica.pdf,Diario-Panico_protocolo.pdf,Protocolo clínico de evaluación · Diario-Panico
lsas_new,LSAS,Escala de Ansiedad Social de Liebowitz (LSAS),Liebowitz Social Anxiety Scale (LSAS),Michael R. Liebowitz (1987) - Columbia University / New York State Psychiatric Institute,Julio Bobes et al. (1999) y Olivares et al. (2002),Eje I,1,"Problemas, síntomas y riesgo",Fobia social y ansiedad de desempeño,Fobia social y ansiedad de desempeño,,LSAS; Escala de Ansiedad Social de Liebowitz (LSAS),Heteroaplicado / Entrevista clínica,Entrevista clínica heteroaplicada estructurada (o autoinforme validado LSAS-SR),Diagnóstico y severidad,Adolescentes y adultos,adultos,15 a 25 minutos (24 reactivos pareados en miedo y evitación: 48 respuestas),Doble escala Likert de 4 puntos: Miedo/Ansiedad (0-3) y Evitación conductual (0-3),abierto,Sí (Libre investigación / Clínica),SI,Eje I/LSAS,LSAS_ficha_tecnica.pdf,LSAS_protocolo.pdf,Protocolo clínico de evaluación · LSAS
carroll-tag_new,Carroll-TAG,Escala de Detección del TAG de Carroll y Davidson,Carroll-Davidson Generalized Anxiety Disorder Screening Scale (Carroll-TAG),Bernard J. Carroll y Jonathan R. T. Davidson (2000),Adaptación y baremación en población hispanohablante,Eje I,1,"Problemas, síntomas y riesgo",Ansiedad generalizada,Ansiedad generalizada,,Carroll-TAG; Escala de Detección del TAG de Carroll y Davidson,Heteroaplicado / Entrevista clínica,Escala breve de cribado clínico (autoaplicada o heteroaplicada asistida),Diagnóstico y severidad,Adultos en atención médica primaria,adultos,3 a 5 minutos (12 reactivos de cribado sintomático),Escala dicotómica Sí / No (con graduación de severidad en ítems nucleares),abierto,Sí (Libre investigación),SI,Eje I/Carroll-TAG,Carroll-TAG_ficha_tecnica.pdf,Carroll-TAG_protocolo.pdf,Protocolo clínico de evaluación · Carroll-TAG
asq-15_new,ASQ-15,Cuestionario de Screening de Ansiedad de Wittchen (ASQ-15),"Cuestionario de Screening de Ansiedad de Wittchen (Anxiety Screening Questionnaire, ASQ-15)","Hans-Ulrich Wittchen & Patrice Boyer (Max Planck Institute of Psychiatry, Múnich, 1998)",Adaptación y baremación en población hispanohablante,Eje I,1,"Problemas, síntomas y riesgo",Cribado multitrastorno de ansiedad,Cribado multitrastorno de ansiedad,,ASQ-15; Cuestionario de Screening de Ansiedad de Wittchen (ASQ-15),Autoinforme,"15 ítems dicotómicos (Sí / No) organizados en motivo de consulta, diagnósticos y síntomas asociados",Cribado / Triaje rápido,Adultos,adultos,3 a 5 minutos (autoadministrado o administrado en el triaje de enfermería),Escala de respuesta estructurada psicométrica,abierto,Sí (Max Planck Institute),SI,Eje I/ASQ-15,ASQ-15_ficha_tecnica.pdf,ASQ-15_protocolo.pdf,Protocolo clínico de evaluación · ASQ-15
mini_new,MINI,Entrevista Neuropsiquiátrica Internacional (MINI 5.0.0),Mini International Neuropsychiatric Interview (M.I.N.I. - Versiones 5.0.0 / 7.0.0),"David V. Sheehan, Yves Lecrubier, K. Sheehan, J. Janavs, E. Weiller et al. (1998)","L. Ferrando, J. Bobes, J. Gibert, M. Soto, O. Soto-Loza (1998, 2000)",Eje I,1,"Problemas, síntomas y riesgo",Evaluación diagnóstica multiaxial DSM-IV/CIE-10,Evaluación diagnóstica multiaxial DSM-IV/CIE-10,,MINI; Entrevista Neuropsiquiátrica Internacional (MINI 5.0.0),Heteroaplicado / Entrevista clínica,Entrevista diagnóstica clínica estructurada administrada por profesional,Cribado / Triaje rápido,Adultos,adultos,15 a 25 minutos (frente a las 2-3 horas de la SCID o CIDI),Árbol de decisión dicotómico estructurado: Preguntas de cribado Sí / No con criterios nosológicos,comercial,No (Sujeto a copyright Harm Research / D. Sheehan),NO,Eje I/MINI,MINI_ficha_tecnica.pdf,,Protocolo clínico de evaluación · MINI
bhs_new,BHS,Escala de Desesperanza de Beck (BHS),"Escala de Desesperanza de Beck (Beck Hopelessness Scale, BHS)","Aaron T. Beck, Arlene Weissman, David Lester & Larry Trexler (Univ. of Pennsylvania, 1974)","Viñas, Villar, Caparrós et al. (2004, Int J Clin Health Psychol); Aguilar et al. (1995)",Eje I,1,"Problemas, síntomas y riesgo",Desesperanza y riesgo suicida,Desesperanza y riesgo suicida,,BHS; Escala de Desesperanza de Beck (BHS),Autoinforme,"20 afirmaciones dicotómicas (Verdadero / Falso), 9 formuladas en sentido positivo y 11 en sentido negativo",Diagnóstico y severidad,Adolescentes y adultos,adultos,3 a 5 minutos (autoadministrado),Escala de respuesta estructurada psicométrica,comercial,No (Copyright Pearson Clinical / TEA Ediciones),NO,Eje I/BHS,BHS_ficha_tecnica.pdf,,Protocolo clínico de evaluación · BHS
empc_new,EMPC,Escala Motivacional de Pensamiento Crítico (EMPC),Escala Motivacional de Pensamiento Crítico (_Critical Thinking Motivation Scale - CTMS_).,"Drs. Jorge Valenzuela, Carlos Saiz Sánchez y Ana María Nieto (2007, 2011).",Adaptación y baremación en población hispanohablante,Eje II,2,Procesos psicológicos y mantenimiento,Estilos de pensamiento y metacognición,Estilos de pensamiento y metacognición,,EMPC; Escala Motivacional de Pensamiento Crítico (EMPC),Autoinforme,Autoinforme dimensional de 16 reactivos con escala Likert de 5 puntos (1 a 5).,Monitoreo de proceso / Evolución,Adolescentes y adultos,adultos,3 a 5 minutos en autoadministración.,Escala de respuesta estructurada psicométrica,abierto,Sí (Libre académico),SI,Eje II/EMPC,EMPC_ficha_tecnica.pdf,EMPC_protocolo.pdf,Protocolo clínico de evaluación · EMPC
tsi_new,TSI,Inventario de Estilos de Pensamiento de Sternberg (TSI),"Thinking Styles Inventory (TSI; Sternberg & Wagner, 1992).",Dr. Robert J. Sternberg y Dr. Richard K. Wagner (Universidad de Yale).,"Sánchez-López (2000), Univ. Complutense de Madrid; Bernardo et al. (2009), España.",Eje II,2,Procesos psicológicos y mantenimiento,Estilos cognitivos y autogobierno mental,Estilos cognitivos y autogobierno mental,,TSI; Inventario de Estilos de Pensamiento de Sternberg (TSI),Autoinforme,Cuestionario de autoinforme de 91 reactivos directos con escala Likert de 5 puntos (1 a 5).,Monitoreo de proceso / Evolución,Adolescentes y adultos,adultos,15 a 20 minutos en autoadministración.,Escala de respuesta estructurada psicométrica,abierto,Sí (Uso clínico y académico),SI,Eje II/TSI,TSI_ficha_tecnica.pdf,TSI_protocolo.pdf,Protocolo clínico de evaluación · TSI
sseit_new,SSEIT,Escala de Inteligencia Emocional de Schutte (SSEIT),"Schutte Self-Report Emotional Intelligence Test (SSEIT / SREIT / AES; Schutte et al., 1998).","Dra. Nicola S. Schutte, Dr. John M. Malouff et al. (Universidad de Nueva Inglaterra).","Chico (1999), Universidad Rovira i Virgili; García-Fernández et al. (2014), España.",Eje II,2,Procesos psicológicos y mantenimiento,Inteligencia emocional autopercibida,Inteligencia emocional autopercibida,,SSEIT; Escala de Inteligencia Emocional de Schutte (SSEIT),Autoinforme,Cuestionario de autoinforme de 33 reactivos con escala Likert de 5 puntos (1 a 5).,Monitoreo de proceso / Evolución,Adolescentes y adultos,adultos,6 a 10 minutos en autoadministración.,Escala de respuesta estructurada psicométrica,abierto,Sí (Dominio académico libre),SI,Eje II/SSEIT,SSEIT_ficha_tecnica.pdf,SSEIT_protocolo.pdf,Protocolo clínico de evaluación · SSEIT
iss_new,ISS,Inventario de Situaciones Sociales (ISS),"Inventario de Situaciones Sociales (ISS; Guaygua & Roth, 2008).","Lic. Mariana Guaygua y Dr. Erick Roth (2008), Universidad Católica Boliviana.",Adaptación y baremación en población hispanohablante,Eje II,2,Procesos psicológicos y mantenimiento,Afrontamiento interpersonal y asertividad,Afrontamiento interpersonal y asertividad,,ISS; Inventario de Situaciones Sociales (ISS),Autoinforme,Autoinforme de evaluación conductual de 30 reactivos con escala Likert de 5 puntos (A a E / 1 a 5).,Monitoreo de proceso / Evolución,Adolescentes y adultos,adultos,6 a 10 minutos en autoadministración.,Escala de respuesta estructurada psicométrica,abierto,Sí (Libre académico),SI,Eje II/ISS,ISS_ficha_tecnica.pdf,ISS_protocolo.pdf,Protocolo clínico de evaluación · ISS
hsq-24_new,HSQ-24,Cuestionario de Estilos de Humor (HSQ-24),_Humor Styles Questionnaire (HSQ)_,"Drs. Rod A. Martin, P. Puhlik-Doris, G. Larsen, J. Gray y K. Weir (2003).",Adaptación y baremación en población hispanohablante,Eje II,2,Procesos psicológicos y mantenimiento,Regulación afectiva y mecanismos de humor,Regulación afectiva y mecanismos de humor,,HSQ-24; Cuestionario de Estilos de Humor (HSQ-24),Autoinforme,Autoinforme psicométrico de 24 reactivos distribuidos en 4 dimensiones de 6 ítems (Likert 1 a 6).,Monitoreo de proceso / Evolución,Adolescentes y adultos,adultos,4 a 6 minutos en autoadministración.,Escala de respuesta estructurada psicométrica,abierto,Sí (Libre académico),SI,Eje II/HSQ-24,HSQ-24_ficha_tecnica.pdf,HSQ-24_protocolo.pdf,Protocolo clínico de evaluación · HSQ-24
er-25_new,ER-25,Escala de Resiliencia de Wagnild y Young (25 ítems),_The Resilience Scale (RS-25)_,"Dras. Gail M. Wagnild y Heather M. Young (1993), The Resilience Center.",Adaptación y baremación en población hispanohablante,Eje II,2,Procesos psicológicos y mantenimiento,Resiliencia y superación de adversidades,Resiliencia y superación de adversidades,,ER-25; Escala de Resiliencia de Wagnild y Young (25 ítems),Autoinforme,Autoinforme psicométrico dimensional de 25 reactivos con escala Likert de 7 puntos (1 a 7).,Monitoreo de proceso / Evolución,Adolescentes y adultos,adultos,5 a 8 minutos en autoadministración.,Escala de respuesta estructurada psicométrica,comercial,No (Copyright The Resilience Center),SI,Eje II/ER-25,ER-25_ficha_tecnica.pdf,ER-25_protocolo.pdf,Protocolo clínico de evaluación · ER-25
crea-24_new,CREA-24,Escala de Autopercepción de Creatividad (CREA-24),"Creative Self-Perception Scale (CREA-24; Corbalán, Elisondo & Donolo).","Basado en los modelos de Guilford, Torrance y Runco; adaptaciones hispanas.",Adaptación y baremación en población hispanohablante,Eje III,3,"Personalidad, identidad y valores",Autoconcepto y autoeficacia creativa,Autoconcepto y autoeficacia creativa,,CREA-24; Escala de Autopercepción de Creatividad (CREA-24),Autoinforme,Autoinforme de 24 reactivos directos con escala Likert de 5 puntos (1 a 5).,Diagnóstico y severidad,Adolescentes y adultos,adultos,5 a 8 minutos en autoadministración.,Escala de respuesta estructurada psicométrica,abierto,Sí (Libre educativo y clínico),SI,Eje III/CREA-24,CREA-24_ficha_tecnica.pdf,CREA-24_protocolo.pdf,Protocolo clínico de evaluación · CREA-24
sss-v_new,SSS-V,Escala de Búsqueda de Sensaciones de Zuckerman (Forma V),"Sensation Seeking Scale (Form V; Zuckerman, 1979, 1994).","Dr. Marvin Zuckerman (Universidad de Delaware, EE. UU.).","Chico (2000), Univ. Rovira i Virgili; Pérez y Torrubia; España.",Eje III,3,"Personalidad, identidad y valores",Rasgo disposicional de personalidad,Rasgo disposicional de personalidad,,SSS-V; Escala de Búsqueda de Sensaciones de Zuckerman (Forma V),Autoinforme,"Autoinforme de 40 pares de elección forzada (A vs. B: opción buscadora = 1, conservadora = 0).",Diagnóstico y severidad,Adolescentes y adultos,adultos,10 a 15 minutos en autoadministración.,Escala de respuesta estructurada psicométrica,abierto,Sí (Libre investigación),SI,Eje III/SSS-V,SSS-V_ficha_tecnica.pdf,SSS-V_protocolo.pdf,Protocolo clínico de evaluación · SSS-V
katz_new,KATZ,Índice de Katz de Actividades Básicas de la Vida Diaria (ABVD),"Index of Independence in Activities of Daily Living (Index of ADL; Katz et al., 1963).","Sidney Katz, M.D., Amasa B. Ford, M.D., Roland W. Moskowitz, Beverly A. Jackson y M. W. Jaffe.",Álvarez Solar et al. (1992); SEGG (Sociedad Española de Geriatría y Gerontología); España.,Eje IV,4,"Funcionamiento, adaptación y recursos",Autonomía funcional y dependencia biológica,Autonomía funcional y dependencia biológica,,KATZ; Índice de Katz de Actividades Básicas de la Vida Diaria (ABVD),Observacional / Registro conductual,Heteroinforme de observación clínica / entrevista estructurada de 6 funciones biológicas.,Diagnóstico y severidad,Adultos mayores y pacientes neurológicos,adultos,3 a 5 minutos de juicio profesional tras entrevista al paciente o cuidador.,Escala de respuesta estructurada psicométrica,abierto,Sí (Dominio público),SI,Eje IV/KATZ,KATZ_ficha_tecnica.pdf,KATZ_protocolo.pdf,Protocolo clínico de evaluación · KATZ
swbs_new,SWBS,Escala de Bienestar Social de Keyes,"Social Well-Being Scale (SWBS; Keyes, 1998).","Corey L. M. Keyes, Ph.D. (Emory University, Department of Sociology).","Amalio Blanco y Darío Díaz (2005, 2007); Universidad Autónoma de Madrid, España.",Eje IV,4,"Funcionamiento, adaptación y recursos",Bienestar social y ajuste comunitario,Bienestar social y ajuste comunitario,,SWBS; Escala de Bienestar Social de Keyes,Autoinforme,Cuestionario de autoinforme multidimensional (25 reactivos en versión adaptada).,Diagnóstico y severidad,Adolescentes y adultos,adultos,8 a 10 minutos de administración autónoma.,Escala Likert de 5 puntos (1 = Totalmente en desacuerdo a 5 = Totalmente de acuerdo).,abierto,Sí (Libre académico),SI,Eje IV/SWBS,SWBS_ficha_tecnica.pdf,SWBS_protocolo.pdf,Protocolo clínico de evaluación · SWBS
cgi_new,CGI,Escala de Impresión Clínica Global de Guy (CGI),"Clinical Global Impressions Scale (CGI; Guy, 1976; NIMH).","Dr. William Guy, Ph.D. (Early Clinical Drug Evaluation Unit - ECDEU, NIMH, EE.UU.).",Uso clínico y regulatorio universal en psiquiatría y salud mental en España y Latinoamérica.,Eje IV,4,"Funcionamiento, adaptación y recursos",Funcionamiento global y severidad transdiagnóstica,Funcionamiento global y severidad transdiagnóstica,,CGI; Escala de Impresión Clínica Global de Guy (CGI),Heteroaplicado / Entrevista clínica,Escala de heteroestimación clínica rápida de 1 reactivo de severidad y 1 reactivo de mejoría.,Diagnóstico y severidad,Población clínica general,adultos,1 a 2 minutos inmediatamente tras la entrevista clínica habitual.,Escala de respuesta estructurada psicométrica,abierto,Sí (Dominio público NIMH),SI,Eje IV/CGI,CGI_ficha_tecnica.pdf,CGI_protocolo.pdf,Protocolo clínico de evaluación · CGI
q-les-q_new,Q-LES-Q,Cuestionario de Calidad de Vida: Satisfacción y Placer de Endicott,"Quality of Life Enjoyment and Satisfaction Questionnaire (Q-LES-Q; Endicott et al., 1993).","Jean Endicott, Ph.D., John Nee, Ph.D., Wilma Harrison, M.D. y Robert Blumenthal, M.D.","Bobes, González, Bousoño et al. (2001); Universidad de Oviedo / CIBERSAM, España.",Eje IV,4,"Funcionamiento, adaptación y recursos",Calidad de vida y satisfacción vital,Calidad de vida y satisfacción vital,,Q-LES-Q; Cuestionario de Calidad de Vida: Satisfacción y Placer de Endicott,Autoinforme,Autoinforme de 16 reactivos (versión breve Q-LES-Q-SF) con escala Likert de 5 puntos (1 a 5).,Diagnóstico y severidad,Adultos,adultos,3 a 5 minutos en administración breve y sencilla.,Escala de respuesta estructurada psicométrica,abierto,Sí (Uso académico y clínico),SI,Eje IV/Q-LES-Q,Q-LES-Q_ficha_tecnica.pdf,Q-LES-Q_protocolo.pdf,Protocolo clínico de evaluación · Q-LES-Q
eq-5d_new,EQ-5D,Cuestionario de Salud EuroQoL-5D,"EuroQol-5D (EQ-5D; EuroQol Group, 1990; Brooks, 1996; Herdman et al., 2011).","EuroQol Research Foundation (Róterdam, Países Bajos).",Adaptación y baremación en población hispanohablante,Eje IV,4,"Funcionamiento, adaptación y recursos",Calidad de vida relacionada con la salud,Calidad de vida relacionada con la salud,,EQ-5D; Cuestionario de Salud EuroQoL-5D,Autoinforme,Autoinforme de 5 dimensiones descriptivas más Escala Visual Analógica termométrica (EQ-VAS).,Monitoreo de proceso / Evolución,Población general y clínica,adultos,2 a 4 minutos de respuesta sencilla y rápida.,Escala de respuesta estructurada psicométrica,comercial,No (Copyright EuroQol Research Foundation),NO,Eje IV/EQ-5D,EQ-5D_ficha_tecnica.pdf,,Protocolo clínico de evaluación · EQ-5D
zbi_new,ZBI,Escala de Sobrecarga del Cuidador de Zarit (ZBI),"Zarit Burden Interview (ZBI; Zarit, Reever & Bach-Peterson, 1980).","Steven H. Zarit, Ph.D., Karen E. Reever, Ph.D. y Julie Bach-Peterson (Penn State Univ.).","María Martín, B. Salvadó, S. Nadal et al. (1996); Hospital Universitari Vall d'Hebron, España.",Eje IV,4,"Funcionamiento, adaptación y recursos",Sobrecarga familiar y dinámica de cuidados,Sobrecarga familiar y dinámica de cuidados,,ZBI; Escala de Sobrecarga del Cuidador de Zarit (ZBI),Heteroaplicado / Entrevista clínica,Cuestionario de autoinforme o administrado mediante entrevista clínica semiestructurada.,Diagnóstico y severidad,Cuidadores principales informales,adultos,8 a 12 minutos de cumplimentación autónoma o guiada.,Escala Likert de 5 niveles de frecuencia (0 = Nunca a 4 = Casi siempre).,comercial,No (Copyright Mapi Research Trust),NO,Eje IV/ZBI,ZBI_ficha_tecnica.pdf,,Protocolo clínico de evaluación · ZBI
his_new,HIS,Escala de Isquemia de Hachinski (HIS),"Hachinski Ischemic Score (HIS; Hachinski et al., 1975).","Vladimir C. Hachinski, M.D., L. D. Iliff, G. H. du Boulay, J. Marshall et al.",Pascual-Millán et al. (1993); Morís et al. (1995); Sociedad Española de Neurología (SEN).,Eje V,5,Funcionamiento cognitivo y neuropsicología,Diagnóstico diferencial de demencias,Diagnóstico diferencial de demencias,,HIS; Escala de Isquemia de Hachinski (HIS),Heteroaplicado / Entrevista clínica,Escala clínica de valoración heteroaplicada basada en anamnesis y exploración física.,Diagnóstico y severidad,Adultos mayores con sospecha de demencia,adultos,5 a 10 minutos de cumplimentación tras historia clínica y examen neurológico.,13 características clínicas objetivas con ponderaciones diferenciales (1 o 2 puntos).,abierto,Sí (Dominio público),SI,Eje V/HIS,HIS_ficha_tecnica.pdf,HIS_protocolo.pdf,Protocolo clínico de evaluación · HIS
cfss_new,CFSS,Escala de Autoevaluación del Funcionamiento Cognitivo (CFSS),Cognitive Functioning Self-assessment Scale (CFSS; derivación abreviada de cribado).,Adaptación clínica abreviada basada en la metodología de Broadbent y unidades de memoria.,Adaptación y baremación en población hispanohablante,Eje V,5,Funcionamiento cognitivo y neuropsicología,Quejas cognitivas subjetivas cotidianas,Quejas cognitivas subjetivas cotidianas,,CFSS; Escala de Autoevaluación del Funcionamiento Cognitivo (CFSS),Rendimiento neurocognitivo / Tarea de ejecución,Escala de autoinforme rápido de cribado de quejas cognitivas cotidianas.,Diagnóstico y severidad,Adolescentes y adultos,adultos,3 a 5 minutos de rápida cumplimentación por el propio paciente o informante.,17 ítems evaluados en escala tipo Likert de 4 opciones (0 a 3; rango 0 a 51 puntos).,abierto,Sí (Libre clínico),SI,Eje V/CFSS,CFSS_ficha_tecnica.pdf,CFSS_protocolo.pdf,Protocolo clínico de evaluación · CFSS
gsqs_new,GSQS,Escala Groningen de la Calidad del Sueño (GSQS),"Escala de Calidad de Sueño de Groningen (Groningen Sleep Quality Scale, GSQS)","Theo F. Meijman, G. Mulder, W. R. E. H. Mulder-Hajonides van der Meulen (Univ. of Groningen, 1988)",Versión instrumental hispana validada para investigación clínica y cronobiológica,Eje VI,6,Salud física y estilo de vida,Calidad de descanso e insomnio agudo,Calidad de descanso e insomnio agudo,,GSQS; Escala Groningen de la Calidad del Sueño (GSQS),Autoinforme,15 ítems dicotómicos (Verdadero / Falso o Sí / No); 14 ítems computables en la puntuación total,Diagnóstico y severidad,Adultos,adultos,2 a 3 minutos (administración matutina inmediata),Escala de respuesta estructurada psicométrica,abierto,Sí (Libre académico Univ. Groningen),SI,Eje VI/GSQS,GSQS_ficha_tecnica.pdf,GSQS_protocolo.pdf,Protocolo clínico de evaluación · GSQS
othmer-desouza_new,Othmer-DeSouza,Test de Detección de Somatización de Othmer y DeSouza,Test de Detección del Trastorno de Somatización de Othmer y DeSouza (Screening Test for Somatization),"Ekkehard Othmer & Celso DeSouza (Department of Psychiatry, Univ. of Kansas Medical Center, 1985)",Versión instrumental en castellano de uso clínico en psicosomática y atención primaria,Eje VI,6,Salud física y estilo de vida,Síntomas somatomorfos y somatización,Síntomas somatomorfos y somatización,,Othmer-DeSouza; Test de Detección de Somatización de Othmer y DeSouza,Autoinforme,6 ítems dicotómicos (Sí / No) representativos de órganos y sistemas somáticos clave,Cribado / Triaje rápido,Adultos policonsultantes,adultos,2 a 3 minutos (heteroadministrado o autoadministrado en sala de espera),Escala de respuesta estructurada psicométrica,abierto,Sí (Libre clínico),SI,Eje VI/Othmer-DeSouza,Othmer-DeSouza_ficha_tecnica.pdf,Othmer-DeSouza_protocolo.pdf,Protocolo clínico de evaluación · Othmer-DeSouza
laxitud-hdm_new,Laxitud-HdM,Criterios de Laxitud Articular del Hospital del Mar (Bulbena),Criterios de Laxitud Articular del Hospital del Mar (Bulbena Criteria for Hypermobility),"Antonio Bulbena, J. C. Duró, M. Porta, S. Faus, R. Mateo et al. (IMIM Hospital del Mar, Barcelona, 1992)",Adaptación y baremación en población hispanohablante,Eje VI,6,Salud física y estilo de vida,Marcador somático de hiperlaxitud y pánico,Marcador somático de hiperlaxitud y pánico,,Laxitud-HdM; Criterios de Laxitud Articular del Hospital del Mar (Bulbena),Autoinforme,10 maniobras clínicas de movilidad articular bilateral (puntuación dicotómica 0 o 1 por maniobra),Diagnóstico y severidad,Población general y clínica de ansiedad,adultos,5 a 8 minutos (exploración física articular estandarizada en camilla/consulta),Escala de respuesta estructurada psicométrica,abierto,Sí (Libre científico IMIM Barcelona),SI,Eje VI/Laxitud-HdM,Laxitud-HdM_ficha_tecnica.pdf,Laxitud-HdM_protocolo.pdf,Protocolo clínico de evaluación · Laxitud-HdM
bars_new,BARS,Escala de Acatisia de Barnes (BARS),"Barnes Akathisia Rating Scale (BARS; Barnes, 1989; Imperial College London).","Thomas R. E. Barnes, M.D., FRCPsych (Charing Cross and Westminster Medical School).","Bobes et al. (2002); Bulbena et al.; Grupo CIBERSAM de Psicofarmacología, España.",Eje VI,6,Salud física y estilo de vida,Efectos extrapiramidales y farmacovigilancia,Efectos extrapiramidales y farmacovigilancia,,BARS; Escala de Acatisia de Barnes (BARS),Heteroaplicado / Entrevista clínica,Escala heteroaplicada mixta (observación motriz directa y entrevista clínica subjetiva).,Diagnóstico y severidad,Pacientes bajo psicofármacos,adultos,5 a 8 minutos de observación directa (sentado y de pie) y entrevista dirigida.,"4 ítems clínicos (Acatisia Objetiva, Inquietud Subjetiva, Sufrimiento y Juicio Global).",abierto,Sí (Libre práctica médica),SI,Eje VI/BARS,BARS_ficha_tecnica.pdf,BARS_protocolo.pdf,Protocolo clínico de evaluación · BARS
aims_new,AIMS,Escala de Movimientos Involuntarios Anormales de Guy (AIMS),"Abnormal Involuntary Movement Scale (AIMS; Guy, 1976; NIMH / ECDEU).","William Guy, Ph.D. (National Institute of Mental Health, Psychopharmacology Research Branch).","Bobes et al. (2002); Banco de Instrumentos de Psiquiatría Clínica; CIBERSAM, España.",Eje VI,6,Salud física y estilo de vida,Farmacovigilancia y discinesia tardía,Farmacovigilancia y discinesia tardía,,AIMS; Escala de Movimientos Involuntarios Anormales de Guy (AIMS),Heteroaplicado / Entrevista clínica,Escala de observación clínica heteroaplicada tras maniobras motoras estandarizadas.,Diagnóstico y severidad,Pacientes bajo antipsicóticos,adultos,10 a 12 minutos de exploración médica neurológica interactiva en consulta.,"12 ítems (7 movimientos corporales, 3 juicios globales y 2 relativos a prótesis dental).",abierto,Sí (Dominio público NIMH),SI,Eje VI/AIMS,AIMS_ficha_tecnica.pdf,AIMS_protocolo.pdf,Protocolo clínico de evaluación · AIMS
